,01,02,03,04,05,06,07,08,09,10,11,12,own_spear_c,own_spear_p,own_kendall_c,own_kendall_p,other_spear_c,other_spear_p,other_kendall_c,other_kendall_p,ave_spear_c,ave_spear_p,ave_kendall_c,ave_kendall_p
1,3.4434459648011835,,3.790545418225314,4.017049350086904,3.625136495089786,3.2148074581854087,2.9969837804824064,2.6744115464028377,3.183562999523558,4.442934470432227,,3.4228462364152814,-0.7167926923398171,0.019662752013384816,-0.5803810000880094,0.026285452074960025,0.4583119742556027,0.1828166715987859,0.26257545381445874,0.31191840383267844,-0.406060606060606,0.24428229408662638,-0.28888888888888886,0.24492877823603054
4,6.405311573663272,4.756511628982193,4.886972261335769,5.722598794172372,7.43722881085245,5.837774928301789,5.717390296657965,5.466049825745691,5.228125921616148,5.538850115565651,5.652336648731558,,0.12995873139414368,0.7033156960255961,0.038924947208076155,0.8730487922176128,0.4805605231625746,0.13459864286822182,0.37397879600338285,0.11610174398054864,-0.02727272727272728,0.9365584481926122,-0.05454545454545454,0.8153345943552277
5,,6.2536370907784375,6.969769277432484,6.752104844837412,5.53910826487853,,5.988882450695807,6.009898330338284,6.204011709844188,5.487234746796808,7.185192376297191,4.9585343251392615,-0.5815340215170718,0.07783395021306368,-0.5146502354656655,0.05086599830733896,0.270633010151021,0.4494781536631878,0.22056438662814234,0.39995725507859115,-0.28484848484848485,0.42503815489214547,-0.28888888888888886,0.24492877823603054
6,5.6045925483677586,5.452790704047937,,,5.080900479285304,4.4842202499908925,6.046717000019298,4.483672865900793,,4.439957438415952,4.390406774104363,5.269204113704344,0.38474188203193277,0.30656971224082696,0.26940795304016235,0.3327350182275486,0.051525403992954466,0.8952652587651324,0.06085806194501845,0.8285930752186466,-0.15899720766358738,0.6828398157150526,-0.14085904245475278,0.6001794871405539
7,4.602507280113949,4.828761131804463,5.9108981859830445,5.751933629416128,5.491789899275488,4.1876798832197535,6.286034490751242,5.622483889384818,5.392199829335588,5.2524104451505735,6.732941862872247,4.973487950275754,0.2622135909520186,0.4103231778560694,0.16448792373994223,0.4787662742236909,0.20358378746729627,0.5256670385394565,0.16159265356647182,0.5019387498867459,0.6223776223776225,0.030675895061640132,0.4545454545454545,0.03966925656449895
8,4.1144931591936915,4.913953751219354,5.576347383902184,5.414014718796794,4.4889215810667755,5.723478983301471,5.8614003865903435,6.0765817359972285,5.9895756649995,5.8904651598849656,5.4108370380201505,5.282888266971213,0.2964706794219839,0.34942228132647335,0.2389760596996216,0.3114798897069988,0.38169051034528706,0.2208343833684675,0.2597943666588219,0.2894586805670044,0.07005264683383464,0.8287278541011254,0.015267620413811482,0.9452010837327357
10,5.486636024395274,5.885142474421043,5.955436452795824,7.443664483828442,6.595120244407642,5.689726060542197,5.758846971873991,6.588636070061524,4.7397372259000585,5.23577940846875,4.888381760731517,5.1564251442855475,0.1911651146528312,0.5517363797884756,0.12712834523274563,0.5772634476440937,0.19325441292891318,0.5473134950673919,0.14673479641335554,0.5255516528137947,0.2561419276252139,0.42163699726085435,0.1846372364689991,0.40836892116002044
11,5.466057097196858,5.4688923756429135,5.096085069950544,5.347537650620729,4.329563288532744,6.1757095419072625,5.741375463787831,5.549916319993113,5.539521624448371,4.621357965944515,5.719024111095232,5.461894958538438,0.03936663967070454,0.9033210628782363,0.016303866268150613,0.9437681928745766,0.17974510577665564,0.5761679960354404,0.14845392380504108,0.5362842259542717,0.2751429733335565,0.3867453190787373,0.1875916198442167,0.40538055645894233
12,4.560391423173233,5.146912753842933,4.363612350431723,4.896480552013114,4.371550094479899,4.598700751041777,6.401439824155509,4.684572410815635,,5.765878529888065,5.583192372880225,4.554524238485731,-0.009239082678541762,0.9784916224087352,-0.019262853213235488,0.9366572485083353,-0.04619541339270881,0.892714745750819,-0.019262853213235488,0.9366572485083353,-0.11035211756920871,0.7466941151538684,-0.05664411840370207,0.8127156289445748
13,5.7717451675970795,5.75467780091053,5.898609362239407,5.186135009954253,4.8663137675652335,5.502538363366864,6.008168945420077,6.0389340960708555,4.297205256607629,5.742049287225168,5.788956410412497,4.727987464494602,0.21948587237917658,0.49308331059612087,0.12712834523274563,0.5772634476440937,-0.25580533357509605,0.4222686558498253,-0.208326913100868,0.3631182576158283,-0.0665500144921429,0.8371878544641639,-0.015267620413811482,0.9452010837327357
18,5.874274552907151,6.9955662876283125,5.290279000080654,4.159346851392819,5.201904872853166,5.009093410949959,6.251797619593037,4.840839956556112,4.228244218544308,4.304674647322749,5.281282408307464,5.3470170286812815,0.4238521059224411,0.1697159644230724,0.3947710169758614,0.08915128097522049,-0.4264834251036163,0.16679918941058333,-0.32824397594488725,0.18444152948421488,0.0770579115172181,0.8118586763333357,0.015267620413811482,0.9452010837327357
20,4.285282884064742,4.406790561869949,4.134417934691789,4.760033275968336,4.4917192427197,4.7011170326600835,3.8098569682006915,4.182363315740913,4.154660204661268,3.658355072806033,5.197524066031012,4.39623047412418,-0.289155170162446,0.36200056667640956,-0.22268088570756164,0.3535826509932848,0.1845574278478212,0.5658204667302501,0.21980291603667945,0.3527014940149932,0.4175464299643898,0.17683562352208243,0.3077287274483318,0.1682200733273419
21,4.921568732747248,5.0418766973010305,3.9545031829131267,5.636385903685299,6.212203631116263,4.680840258226225,5.1490036113282125,5.086746728035653,5.097578573457488,4.876683172495222,4.0427608803208415,4.824476825405687,-0.41594919552115633,0.1786682125224178,-0.36927447293799814,0.11989843464620077,-0.0035528518552096675,0.9912568007894055,-0.016025147161605233,0.9442279856796998,0.1576184553761279,0.6246756664067579,0.13740858372430334,0.5361739338988774
22,4.6060082380505385,4.479462021512147,3.6101691355768417,4.709915472448747,4.406472919590895,4.955156702644938,4.970531291455979,3.704471490096302,4.480268104719516,5.390258705327074,4.397032102530169,4.336539626380159,0.48406240117308397,0.11079739837956118,0.38790491030114155,0.0923579611613194,-0.5097736390742165,0.09044134586747463,-0.3813850356982369,0.09449292670947168,0.1188811188811189,0.712884219214772,0.0909090909090909,0.680753382417063
23,5.9996431439037226,4.753607123795005,4.512539273055351,5.427870870819657,5.338056170594827,5.497266398398573,4.9455355610808125,4.960471883022548,4.381345148181756,4.532077886470167,5.241968807715164,6.146400144917276,0.35429975703634087,0.25849755516448264,0.296078262731896,0.2038438750413245,0.3376448979382157,0.2831104200060249,0.2631806779839076,0.2571045824165279,-0.5438629970124406,0.0675703982612593,-0.40004734568283135,0.07324046253564928
24,3.9304802402748447,4.913586270750468,5.116159206137311,5.23009646264312,5.5952355663604925,6.74583268434411,4.75251629848219,6.409999397170734,5.533995437144678,4.2203156247840745,5.175050587079285,4.7891387594080514,-0.19432508268938872,0.5450527029269673,-0.18257418583505536,0.43475617175843206,-0.18352924476220045,0.5680249645833451,-0.14937887931959076,0.5227810104666994,-0.4350903976099524,0.15748049263339253,-0.338501600193165,0.12958505832424852
25,6.929663443245655,5.1243708757614765,6.283477529546938,5.482736744151489,6.276674356102388,4.598060417436388,5.326871007692682,6.1273331315813415,6.034754689228697,5.324617381241911,5.324255019686106,4.968547847825093,-0.39863962449548096,0.1992884129049809,-0.3232540919176179,0.1607439850763519,0.23291367826194495,0.46630104177928355,0.16750630254320198,0.47278308612015796,-0.07719345764047543,0.8115329720669271,-0.03077287274483318,0.8904027809514473
26,7.0716168803282775,5.151438782969781,5.548250002284497,6.027969082129825,5.672538629721124,5.164135799382947,4.246522418528126,6.708112035473754,5.9194162318944405,5.128118727946985,5.086387156252975,5.609628407978955,0.44863834645570844,0.14349602934049616,0.3770495249884342,0.1171850871981381,0.23291367826194495,0.46630104177928355,0.20100756305184242,0.3889353109123658,0.43082377802808297,0.16205750617523712,0.2595495470347952,0.24261168044983128
27,5.326809775230101,3.412357847687405,3.9038811828510886,4.738287772532528,4.947717133171082,5.084369261044527,4.344448287589259,5.110833017146749,3.6606674539688537,5.0489864516798,5.288588912018844,5.241941518963531,0.3260142343273928,0.3010595348345035,0.26376748066999867,0.2666298328419915,0.06117641492073349,0.8501974023807332,0.016597653257732305,0.9433920568226559,0.16491329586828837,0.6085196736144101,0.12309149097933272,0.5815114852079422
28,4.251360234848264,5.089304667589286,,3.8367546666775363,4.8309179093367245,3.962588717786448,4.724311137481816,5.8209683156922045,4.11113325959942,4.007411548948122,5.650428797791573,5.315571716422079,-0.06077155435054971,0.8591190412504712,-0.019668431441216497,0.9358433918665204,-0.2552760795242108,0.44869198501290286,-0.2724746304565331,0.2633493888024043,-0.18223281903128208,0.5917572401960799,-0.11009637651263605,0.639411852803375
29,5.360594118991771,5.032159305549918,4.7944413342847305,5.505596144297359,4.562773341299872,5.544438942760321,5.8665865792680805,5.896901080990758,5.927484971117729,5.118691446030608,4.7459600429945805,4.01660227404288,0.27031475577133085,0.39546728744915405,0.2285984832473322,0.3409178519943762,-0.25769451246640657,0.41872942679809466,-0.2088931871468374,0.3823130779101316,0.03852895575860905,0.9053700700498719,0.04580286124143445,0.8366323297132776
30,5.205855826360762,5.689289963578776,5.2371108729472375,5.378038751681007,,5.942323046496504,4.746424848762575,4.850921305962756,4.130925734006242,4.942198591395499,5.588729485048066,,0.6482593132545565,0.042636195579208266,0.5185449728701348,0.04401813788518789,0.24652466565114894,0.492323476312569,0.20452399702596544,0.4400034771434089,-0.2727272727272727,0.44583834154275137,-0.19999999999999998,0.42082864053497004
31,4.342537009345195,4.902327223441882,4.9342762710680725,5.11490020914099,4.5017975939358985,4.6854179764183055,3.5252666530910384,4.7493198732790365,4.304527176314639,3.9646136735014337,5.826228900614878,4.1521104869330765,0.42260579512504326,0.1711086077953379,0.30151134457776363,0.1993053151404709,0.1968331983535227,0.5397719720408651,0.1315903389919538,0.5722472443809672,-0.39860139860139865,0.19933549461780897,-0.2727272727272727,0.2170889507662317
33,5.510556646669366,5.228631565127212,5.173473487054621,4.595471381149906,5.302933058468966,4.074097884794142,4.8805779432373795,4.3781423454946005,4.862660487255322,3.756202319778616,4.472378700666297,3.6169398754916315,0.12280852166026898,0.7037714981678387,0.1340050420345616,0.5683662692918526,0.44863834645570844,0.14349602934049616,0.3770495249884342,0.1171850871981381,0.010526380587337557,0.9740990620508823,0.0,1.0
34,5.305995834200684,4.801245011672672,,4.459956516852663,5.080981177551375,4.321012499608075,4.004149984555181,4.80059674662597,5.171595571463135,,4.5513035135717805,6.121032059047213,-0.012347796442943934,0.9729933131897832,0.0,1.0,0.1944730212692089,0.5903173590239674,0.14509525002200235,0.576370732062991,-0.24316221747202585,0.49843371099777956,-0.13483997249264842,0.5900138871633462
35,5.2068996143105295,4.8744436557806035,5.634756422677997,5.748421150072887,5.652145841284084,5.4392109024322215,4.377521770748871,4.843426996963552,5.589253782923744,,4.136885947225467,5.620831291103972,0.3516018390324618,0.28899324880837346,0.24078203063740672,0.30856458676045806,-0.17974067981291597,0.5969210413223087,-0.11441551070947108,0.6345496701017687,-0.14578625522502567,0.668862170826185,-0.11009637651263605,0.639411852803375
36,6.295675452297656,7.421428566173426,6.078996290286617,5.898475459617663,4.9041665615620795,4.742390217758016,5.803548174233447,5.116376427137098,5.781247097614516,5.930408580546034,6.011920139155128,5.623420261373042,0.08186349431603626,0.800328390032892,0.0,1.0,-0.029565619799454133,0.927325591703934,0.0,1.0,0.40846083281831924,0.18741773178386253,0.2946533332928491,0.18875957054112558
37,5.186156324842927,4.854534533104875,5.913289119356986,4.844808334757568,5.426670538718794,5.121792668374392,6.083741482511829,5.176379035469244,4.979312669416865,5.472518921289524,4.915847036748336,4.045996233170285,0.1315130465688436,0.6837029437222628,0.12065379433217112,0.6131230293263685,-0.32387513781564786,0.30442836548383917,-0.2821601053814492,0.22738526970373274,-0.3216783216783217,0.30790987618065263,-0.1818181818181818,0.41058159592372157
38,6.156757865908502,6.587758955349805,6.813144479087852,4.999951554999418,6.359744739164015,5.57826432689615,5.540802264480627,5.4500877249886654,5.8460875687732266,5.526350336740964,6.7420107508270934,5.698000606962642,0.21951537118616132,0.49302372745615963,0.14937887931959076,0.5227810104666994,0.1404366940474071,0.6633225314850513,0.1044465935734187,0.6611159723306128,-0.44055944055944063,0.15173503571673022,-0.2727272727272727,0.2170889507662317
39,4.379367628472364,5.548874894840141,5.11173588582957,6.040812468860419,6.410299545406063,5.265715545235487,3.8049107279834646,5.639430134144957,5.099691169069248,4.668860921537072,5.747319418042505,6.35098811637197,-0.4318915553267668,0.16090423677317825,-0.3813850356982369,0.09449292670947168,0.07118564723133589,0.825994817969491,0.09697622757528539,0.6739214890570431,0.15493341934487972,0.6306611257501797,0.07754035086653922,0.7294500113144083
40,5.307277517128021,5.816454838511312,5.4880540460458445,5.1323562096582735,7.158143333593955,5.703808140415472,4.774143764797381,5.009990169515227,6.046606228685581,6.226589763641656,4.4573603699590665,6.107622352529567,-0.20862751514880346,0.5152332593018021,-0.1706971854997297,0.4697142656872022,-0.35400947157931706,0.25891549437781053,-0.22247460415730486,0.3293488828047785,-0.16491329586828837,0.6085196736144101,-0.06154574548966636,0.7828636615476965
41,6.0794267025933495,5.934127655219207,6.3246563394753945,4.666892611314504,5.22841935924484,4.003137159127314,4.8004187926650905,4.475627431703137,5.5791890623217295,6.810313080182249,5.394053359147358,4.84361110887989,-0.12721562869323952,0.6935881973726945,-0.12712834523274563,0.5778782011804852,-0.06430047884586129,0.8426296329707413,-0.048911598804451846,0.8326893587096578,-0.2381789992350377,0.4559885528370967,-0.1679438245519263,0.4496025895128465
42,6.187943974988419,5.4711966727037895,5.14265686209342,5.356212676030656,5.777714689448558,5.499014010615424,5.953115162601497,5.393015570729382,3.713534773991905,5.238522323417318,5.852796259160034,4.875928149875011,0.5579703804659232,0.05939939514048027,0.41295900355876125,0.08617882314679096,-0.050102995944533046,0.8771114232765939,-0.03289758474798845,0.8877228148116516,-0.09473742528603801,0.7696246759804113,-0.06154574548966636,0.7828636615476965
43,5.058979270156698,4.793077047030677,4.778340128220359,3.92249695088358,4.746999787045611,4.3782854959009585,4.581189891592825,4.30196400668174,4.940388459972784,5.590021323553301,4.313472169251773,4.769071964500869,-0.12543630150106364,0.6976941135514918,-0.12309149097933274,0.6186947064053288,0.13195245483991427,0.682694717469809,0.12568317499614473,0.6015081344405899,0.1403517411645008,0.6635155931484618,0.1538643637241659,0.49084037311371664
44,5.7795714163350125,6.084918804980429,6.698423924711246,5.537980719530097,6.047425349098001,5.0380966296233005,5.965954700487982,6.272540160370856,5.464514652299648,4.919476894700921,5.930022256900017,5.349828295897521,0.1364947459750234,0.6723005302538626,0.09869275424396536,0.6708563951870294,0.5283678970133607,0.07740369837575434,0.4044434703606647,0.08850926024826801,-0.09138967094979739,0.7775815355063642,-0.10855649121315493,0.6287906512902292
45,5.37522332042207,6.4156004946769025,5.563818390986111,6.064774659287331,4.8588075400754365,5.021263006081974,6.033570501844213,5.3830381625502515,6.450281084704289,5.882970029406371,7.0276305004948085,5.6792659847766975,0.07119851094506278,0.8259637980973817,0.052753496133999746,0.8241804304917382,0.014899671875589141,0.9633436900659524,0.0538642178554906,0.8248093825386139,-0.16462372005951137,0.6091580087875201,-0.10687334289668038,0.6304167324095719
46,5.0225483977149175,6.1508602498164455,6.5141243708662175,3.8650470225882967,4.469451520143299,5.989488275850422,4.106837856871382,5.554975753103758,5.101371604036842,4.80010209888462,4.9579005686702216,5.316907722536202,0.08496227317903608,0.7929125422814512,0.03178208630818641,0.8891762653209235,-0.06018161016848389,0.8526096967396787,0.03178208630818641,0.8891762653209235,-0.1789484699847385,0.5778881413305827,-0.12309149097933272,0.5815114852079422
47,5.497732359851682,4.742796607904932,,5.509065810422211,4.66981866530604,5.951518778065388,6.589764475024007,6.0018882721782445,5.410325091853651,5.3166460752942415,5.549263037122928,4.876759327297041,0.09912720720647862,0.7718374110181404,0.12196734422726126,0.6249741629567064,0.11219363880101486,0.7425896139001371,0.059005294323649496,0.8091787120234467,0.34485036740377717,0.29899157701909085,0.2454578464160423,0.30457524588675056
48,5.048344026226942,5.208014472643086,5.357339223109398,5.08265778594336,4.794377663463159,3.388516577665512,4.441947398909446,5.671911321519475,4.782069800482382,5.66466987610785,4.8770406921821445,5.725601774547615,-0.3165961153158709,0.3160484784103762,-0.24370871833797694,0.30808459846950886,0.07946433754487993,0.8060803815058851,0.0335012605086404,0.8865944030741788,0.06702200632484068,0.8360468975463646,0.06253053994807224,0.7815112949987133
49,4.658056735296686,3.909010939677179,4.773760969562469,4.652785474415161,4.0712385914229685,4.4070161899080285,4.573882158813197,4.698220998211053,4.666788343093055,3.8462523256428214,5.471019418599687,4.331381040836323,-0.04533307588696672,0.8887432612796196,-0.01834939608543934,0.9403077338310912,0.5675377192424863,0.05426615025821395,0.4587349021359835,0.0592635693825618,0.10489510489510491,0.7456094809807079,0.0909090909090909,0.680753382417063
50,5.435221015786784,5.682872970872668,7.340142375899103,5.263149937427012,6.087530797060442,6.4570563714122695,5.639787872233888,5.607344738868073,4.651378949913754,5.715099076625402,5.001006091368311,5.780905898733153,-0.14160378863172682,0.660672130547845,-0.09534625892455922,0.6759180119144397,-0.03372561044766132,0.9171291207588668,-0.052753496133999746,0.8241804304917382,0.32982659173657675,0.2951075125680477,0.27695585470349865,0.2149195213707229
51,5.150735279508863,4.222291551663258,4.4588108796464985,3.825966381997637,4.6162311410190915,5.363427310982008,4.916326796507112,5.239283413814878,5.1262288423438,5.1026196261648975,5.009354664680117,4.163706828987301,0.06762636486976908,0.834586391153786,0.06465081838352359,0.7790826112028287,-0.14367867997370884,0.6559690185076071,-0.09869275424396536,0.6708563951870294,-0.15061319069274445,0.6403345250750125,-0.10687334289668038,0.6304167324095719
52,5.121233128824052,5.091036792049622,5.256473801164686,4.4961769505512335,5.504087532958163,5.667155307956011,4.765586816060114,4.9050056906959645,4.462978835658331,4.980088296372965,4.3815033824494085,5.122279633731597,0.5679233167525973,0.05406600799026774,0.45704726308717725,0.04417764536523031,-0.18737148594286532,0.5598046738370624,-0.1379728923974526,0.5795953052839677,0.8581449237144743,0.0003547590073493126,0.6870429186215167,0.0019811390157596044
53,5.191965755232539,5.024912788967879,5.384719753517335,5.091963546958448,4.973228872154487,4.224737417831179,6.444816197510238,5.523441252541031,6.775338927014063,4.935177564573474,4.843433080370595,5.617053257917273,0.3167761301794447,0.315758197187108,0.22627786434233255,0.3261975886223404,-0.5574088983281925,0.05971075944067121,-0.43090640832918253,0.0699704746660769,0.5122838552504279,0.0886004157284615,0.40004734568283135,0.07324046253564928
54,4.732778429633173,4.303230386115165,4.008551222246972,4.0978998149168255,3.7301339716865582,4.63952000450501,5.376916684466313,4.635782154150067,5.335667450015409,4.3723031629672215,4.96885880535214,5.585805498997978,0.27556647769493176,0.3859850202917522,0.17934252894965677,0.4378197377442198,-0.15474034362303174,0.6310923200146648,-0.11618357280412614,0.619153706689038,0.3824584946732647,0.21982901960594775,0.27695585470349865,0.2149195213707229
55,3.847038675283873,5.661680189733466,5.820846812372353,4.754068367504623,5.590669478728863,5.261238857439082,4.973874391462974,5.345989470687408,5.1223163442077,4.083485850317924,5.219855604084488,5.339830557679235,0.10228792510910056,0.7517545657794757,0.05072374985461834,0.8287393681120191,-0.04678196435114913,0.885207798602261,-0.016597653257732305,0.9433920568226559,-0.29578198238567943,0.3505963593981538,-0.23262105259961768,0.29946950090386326
56,4.544869748286085,5.214429106362066,4.912032636175017,5.440977600527719,4.688489776907627,4.4795830533362935,5.017335217900968,4.3755835081405525,4.555502213222534,4.9459325612045655,5.654969552976628,5.645174370804128,-0.48129687337014965,0.11315303006011479,-0.35506624898232836,0.1306323230911352,0.3196514792939399,0.3111415469761346,0.2821601053814492,0.22345385579904908,-0.16083916083916086,0.6175234895401425,-0.0909090909090909,0.680753382417063
57,4.0954733247581725,4.452445499214537,4.925240874081718,4.5663420912109975,6.012118018578306,5.105486932671717,7.1760978245389815,5.014408961010091,3.827431606895239,4.52828828137673,3.3930143041040735,5.067079663016253,0.32745397726414505,0.2988039068232815,0.22627786434233255,0.3261975886223404,-0.4212712711793873,0.17260776240551182,-0.3178208630818641,0.16347891095622646,0.5855606868380817,0.0454534544667907,0.43771377963650565,0.05220363534131467
58,4.929847565177787,5.564746314915098,6.512311419216656,5.855069106286598,7.064473486821201,6.233460606788372,6.385917878879313,5.857738042950668,6.4887843659709645,7.3544632825100935,5.916989491726582,5.3742065053533326,0.27033237350262296,0.3954352816063579,0.18959881966484032,0.4268772738880867,-0.4413510128342825,0.15091472285393895,-0.38790491030114155,0.0923579611613194,0.5524475524475525,0.06251148327961512,0.39393939393939387,0.07460482156057317
59,4.9569445256825055,5.369773594551791,4.9699087608477175,5.373488467823124,6.962528327810024,6.033105141092732,6.385688045288322,6.3577094299540935,5.182798301906919,5.482489261211772,5.715963783817338,5.545749572426578,-0.010677847084700381,0.9737264800375165,0.0,1.0,-0.014367867997370882,0.9646513053606096,-0.03289758474798845,0.8873504283911118,-0.7122850864098416,0.009346138633558366,-0.5231388366621641,0.019154644780425903
60,6.525981908300478,6.112697187819762,5.785670513810175,5.881428457321942,5.7939755038302545,4.667229571401844,5.6227643097038875,5.516312665443773,4.93113354589798,5.258740849009756,4.914676138983252,4.655770192020496,0.2796950443821974,0.378613501647742,0.18257418583505536,0.43085678249972814,0.12373539157665825,0.7016260475874505,0.10050378152592121,0.666632055322476,-0.12280777351893818,0.7037732307139831,-0.1538643637241659,0.49084037311371664
61,6.048181158371358,5.839235188775915,5.138709832440378,,5.451421836914957,5.393680653622664,4.4349010906040265,5.073411213770619,5.074404700320789,5.346063586786483,4.7174827736381575,5.197249526842997,0.1349202105077783,0.6924581403212622,0.09834215720608248,0.6886051046677162,-0.1375659566871249,0.6866892912739135,-0.10281451514408312,0.6820876871868883,0.02739754589863339,0.93626860357676,0.018521694664415903,0.9375687001882693
62,5.23535654711284,4.538078928670721,4.382271097947078,5.1121538269333895,4.715772582635696,4.526938651877712,4.592804488603659,4.388350414294747,5.006930536239982,4.654376425563493,4.558600144529012,5.140778652373296,0.28882558083987103,0.3625728015571449,0.208326913100868,0.361547071452043,-0.13217320651649264,0.682188380237688,-0.09697622757528539,0.6729093109157518,-0.5965655537366019,0.04059922852283015,-0.4848811378764269,0.03479013952699104
63,,,,5.354796164358142,,,4.951788079436196,,6.633172393203165,4.546192296726022,,4.5363726446678205,0.8207826816681233,0.08858700531354381,0.7378647873726218,0.07697417298126683,-0.10259783520851541,0.8695979205185651,-0.10540925533894598,0.8005421074231263,-0.7181848464596079,0.1717953049079889,-0.5270462766947298,0.20650729548542512
64,5.380095857116794,5.145363096157818,4.721243887713152,4.276554623047821,4.876966102815124,5.4538230857665715,4.982370024950965,4.911173130506239,5.108073446637159,5.3020532171182095,5.005212037687624,5.336405905162412,0.6245634924260774,0.029924788524139847,0.497468338163091,0.03723822070684425,-0.301170075261182,0.34146701566776394,-0.23028309323591914,0.3221988061625817,0.19718798825711964,0.5390267201932186,0.1705887719063863,0.4467252149176357
65,5.2699621310956,5.92637185463156,5.145038807886311,4.7731324937947095,6.380579123608847,5.0273877027255685,4.814569255728084,6.566691574755124,4.972649047709039,4.479100547426997,6.0553404762687375,5.850568783301517,0.16462412953203714,0.6091571059776173,0.14673479641335554,0.5255516528137947,0.19485908258648765,0.5439265851067314,0.12309149097933272,0.6041792052542441,-0.14386053469361332,0.6555573554233827,-0.12309149097933272,0.5815114852079422
66,4.5317138977191735,4.140492755936151,4.323385160607407,4.0886122780919765,4.03896289346768,4.87621981536085,4.754859059848437,4.412574350956085,,4.945308011356616,4.928928847649738,4.986262967496298,0.8029593046852448,0.0029219519688071962,0.7395739969534469,0.0023977534149786403,0.49889830780540895,0.11824633648816876,0.410241841233154,0.1078991099549606,0.2511441707374727,0.4563206643672112,0.1666952519797431,0.4808510580715232
67,4.489620013838038,3.609793810990812,4.394290000589014,3.708597043822064,3.9416992160465782,4.378043612296903,4.0701415316113145,5.245807983581224,5.4731911722729025,5.060281207186804,4.313338169095121,5.304450721921156,0.4606224182266992,0.1318146501450161,0.38174602492784304,0.10243436499289738,-0.03681350178091523,0.9095677779532954,-0.034815531191139566,0.8842316010780549,0.46234746910330854,0.13018583568230105,0.2900847878624182,0.19156872709346584
69,6.144438705936802,5.373353336429553,4.166668285627767,5.7866630101377705,5.692402713237506,6.405624760384997,5.3757731734974215,5.837906183677353,4.880468086135878,6.2551800549510626,5.571243027991606,5.6724210929575385,-0.2837164861685368,0.37150392048223235,-0.22247460415730486,0.3285649834391967,-0.19802684545869995,0.5372663902688137,-0.18959881966484032,0.42526243591644,-0.5894773128909033,0.04368125929516893,-0.4615930911724977,0.03874183846329157
71,5.146330050235476,4.880447447561987,5.385771859202343,4.907729065590862,4.249350402682513,5.8159440307470485,4.659512470750278,5.102033691266572,3.9786744072918743,4.499966080221818,5.439857903568058,4.1240645293065725,0.2124056829475902,0.5074773044017047,0.19069251784911845,0.4031101143108593,-0.19971916241340557,0.5337225009071005,-0.13139893476119863,0.5872945745928104,0.25397812923097524,0.4257057384092434,0.15632634987018057,0.4880740931652481
72,5.044084754201793,5.6750761675422146,6.931418265610619,5.716513535618852,5.087592393186733,7.527611103469947,4.1620698721735785,7.4602772869280445,4.820209494012113,5.496735234641436,5.3756919889426245,6.366921633828225,-0.04618707411772568,0.8866591734707202,-0.048075441484815705,0.8337686536567211,0.06870429186215167,0.8319826420237312,0.03711348095126027,0.8797154196525024,-0.3117342784105641,0.3239439412499513,-0.22901430620717222,0.3025337411745722
73,4.384344090522427,5.2410133264840875,4.687411367285781,4.564716892458892,4.954529858279503,5.309800942685119,4.352082703809078,5.7767836153169645,5.203787009114499,6.2589767454431415,5.337786744549138,4.942579607090407,0.07237546190110636,0.8231266416471774,0.01690791661820611,0.9430082704227332,-0.3143578965797663,0.3196699747408899,-0.22627786434233255,0.32460611172618203,0.5614069646580032,0.05751824698426694,0.40004734568283135,0.07324046253564928
74,4.683671001689217,4.200542472266352,3.9821803485868967,4.0671971965689435,3.881983703759925,3.8925576305321785,5.678274467533593,3.987217419055185,4.8900553743577575,4.936585557392425,3.4047859285107402,,0.11948190272984933,0.7264048883128063,0.12196734422726126,0.6210861815568363,0.25873180855923106,0.4423577860047685,0.18506612725934962,0.4568786089254052,-0.10933969141876927,0.7489532016128978,-0.11009637651263605,0.639411852803375
75,5.882150648567983,5.856535026154742,4.190269645051893,4.621657928337795,4.369740113375503,5.719549952793447,6.795616851354471,6.236444864448968,5.820105119145564,5.0453890643805686,6.0520503054796615,4.198783781403551,0.3721936841593884,0.23349501359051933,0.2771657265585605,0.23049390578587947,-0.39088599952406294,0.2089781131455211,-0.29301635766384415,0.21947110610970222,0.11908949961751886,0.7123998368899924,0.04580286124143445,0.8366323297132776
76,3.781764884565468,4.669188153689738,5.161369189053594,5.881270377083505,4.426355404155232,4.454433638903883,5.004853048080824,6.414931015660254,3.9853086314850117,4.219924158252551,6.469242845071544,6.53174129173251,0.06538325712830588,0.8400095161935819,0.08298826628866152,0.7203003305176565,-0.38739146876531766,0.21343716409595612,-0.26932108927745296,0.2683727635710236,0.05996705829064691,0.8531301146224824,0.03126526997403612,0.8897069355331012
77,5.342081305181782,5.553386240162334,5.438989216335709,5.749247508676651,4.518172343444013,5.4925915039403765,7.3707008087874675,7.320249481537486,4.844217435666071,5.35347466538841,6.094489508043441,4.832044267727444,0.5323435114548625,0.07479301087802447,0.4226979154551528,0.07193340092146007,0.23706982195661955,0.4581519328990844,0.1973855084879307,0.3953551669200053,0.0,1.0,0.015508070173307846,0.944940755265874
78,4.0059770025900585,5.906712353178482,6.048259177485878,3.953302305193552,4.543570841160287,5.812248156137153,5.900202599077805,4.542273896411529,5.122693723522295,5.355232183062599,3.909245629637103,4.5383601604545545,-0.05310142073689755,0.8698107896538385,-0.03178208630818641,0.8891762653209235,0.09802182359536489,0.7618381667899072,0.0538642178554906,0.8229019354214293,0.4000024623188272,0.19761430310651432,0.27695585470349865,0.2149195213707229
79,6.182435705983408,5.431574659968119,5.6885968541360565,5.084084430142915,5.736707158393463,5.52672161807792,5.711422926505422,4.965915814016595,5.978038549966131,5.673282253839071,4.789911122499374,4.831705187628892,0.28272404854415073,0.3732519607771295,0.1973855084879307,0.39692965984698003,0.5958191179086834,0.04091628195918811,0.5099504626286642,0.031740997873621744,-0.4238185133446995,0.16975340732567462,-0.2900847878624182,0.19156872709346584
80,4.967241517090012,5.70527002158301,5.4457358554144575,6.1928523362811925,5.7062772964733295,4.627405857396878,5.487313551281283,6.952949694066732,6.864488863180161,4.7977073538222665,5.971748051743982,4.82135378043508,-0.5169201850699908,0.0852671816950595,-0.3941968042835958,0.10346508267800751,-0.0956790566516759,0.7673902666539609,-0.05913123959890826,0.8123323219984995,-0.3128338736358449,0.32214887236601175,-0.23262105259961768,0.3002390813491702
81,4.5411462648687895,5.930195918773656,4.997021861255914,4.127137764216869,6.060837621124263,5.192270131268371,5.2750978420289725,5.5709986634073045,4.9642662607659584,6.10757512749296,5.906766339846692,5.3327626957705165,-0.2630260931376872,0.40882079266818827,-0.2874345825095039,0.22027179567578015,0.4083731046777027,0.18752177825086844,0.3212504157459162,0.1714216807181006,0.34386176585302697,0.2737723269520781,0.1846372364689991,0.40836892116002044
82,4.324720575552576,5.4536899044321325,4.778655588880834,,5.625594509335696,6.6235153406186384,4.843551285390861,5.897828671301558,5.357481574058296,5.194496979478858,5.991402704382968,4.926459862064418,0.12333499565052576,0.717888455447515,0.06168870908644987,0.805860609520727,0.11470262662065538,0.7370071061247697,0.0832250378576479,0.7411815058736042,-0.3234632537805257,0.3318900645806114,-0.18349396085439343,0.43487965849578347
83,4.558348549345931,5.067996994033235,4.197144506145743,5.201378476503969,4.3169134955477055,4.458630705959249,4.0237499428623344,5.140670094399472,5.020218295069807,3.9207278719918697,4.822091502160311,4.681897468184364,-0.3047851793604161,0.3354142302271461,-0.2597943666588219,0.2791312612492123,-0.021960791068295103,0.945990602926329,-0.03413943709994594,0.8850355344400311,-0.2214442026860475,0.4891348310867094,-0.13957263155977062,0.5342361662349244
84,5.060415751754665,5.589815146117608,5.359455735688668,5.476317541408839,5.747033331104338,5.592255525122689,5.328592893530431,6.099241276483188,5.988268225759247,4.8356725003764645,5.439332906987369,4.686941289966923,0.2039907692027417,0.524821777343695,0.1973855084879307,0.39692965984698003,-0.08930622061925178,0.7825433987511011,-0.12930163676704717,0.5735179375390823,-0.05272481016334465,0.8707272686249733,-0.07754035086653922,0.7298636285922802
85,4.654987331400092,5.299518230277505,5.934365107967544,,4.373148729935637,4.452250989455264,5.424482491795397,5.518662393554559,6.139913035042674,5.235320326758629,4.614898241766213,4.6788380334165875,-0.2785002488182019,0.4069477342420238,-0.2439346884545225,0.32825943027913995,0.3521635113920534,0.2881699086409924,0.23750843439814176,0.3519681999184664,-0.2369026647406667,0.48306540807762466,-0.2568915451961508,0.27429882739587585
86,4.98541918774428,4.9805284283043685,5.091075213115793,4.899621714131123,5.355508142100866,5.195821174575154,5.313394948768137,5.19589290107132,4.672181143505008,6.435507085812415,4.172820315739609,4.366010264621542,-0.3185119027902458,0.3129667484903409,-0.24455799402225922,0.29004704300933737,-0.2819564645836314,0.3746068814776614,-0.2064840403390264,0.39370939724919796,0.5664335664335665,0.054842119775407844,0.4242424242424242,0.05485393990013223
87,4.4896857309061415,3.8902106989981537,4.675962388751033,4.9619312456286755,5.144404396884591,5.298308661985356,4.20071690075857,5.366146101153223,4.721691387633777,4.756052188033745,5.031980076571924,4.997429370281108,-0.3072549338995136,0.3313127457838001,-0.23854214911071142,0.32849992826989405,0.03646188434622346,0.9104284497094852,0.01690791661820611,0.9426165707702019,0.05253948512537598,0.8711783093619829,0.04580286124143445,0.8366323297132776
88,5.993786252844127,5.663554508004597,4.493332697799848,5.33331940933158,5.6305985734946695,5.251754298145001,6.000981771979682,5.48773663278757,5.473050198518799,5.927002190740849,5.407832273836812,5.299358162670148,0.30588207460366745,0.3335892554207899,0.24896479886598458,0.28682732924443766,0.22067550641714126,0.49068300396895215,0.19395245515057077,0.4000431074642574,-0.1087725994024881,0.7364954924535465,-0.06154574548966636,0.7828636615476965
89,4.636910219950023,3.7765423931610975,4.70681044464863,5.105564740300258,5.478563831530887,5.577293341652202,5.724859125013974,4.651477153331643,4.849551137763571,4.816978209625333,5.211803948824229,3.9359523611037344,0.21711622405557449,0.4978802084921985,0.16162704595880895,0.48312400402253874,-0.0036601318447158507,0.9909928051766246,-0.03413943709994594,0.8850355344400311,-0.33975533714409795,0.2799203496864415,-0.2595495470347952,0.24261168044983128
90,5.712093255866788,6.217658449778939,3.976582559439655,3.817635292725417,5.564243312262748,3.708278797454805,4.149946864035623,4.436635838960681,5.830151000157567,5.370527792637397,4.3054338191453905,7.474882198048482,0.4035707976004214,0.19327201441308134,0.3178208630818641,0.16347891095622646,-0.14673020240898965,0.6490730213318352,-0.14673479641335554,0.5255516528137947,0.635091628769366,0.026491475868930303,0.3692744729379982,0.09822207705620688
91,5.197230514948677,4.8458838602902485,4.552954364759025,5.067603989985353,4.988457945036485,4.2369582197194,3.5950002229764366,3.481752925939209,5.0044556260502455,4.919599081163921,4.3747050037133155,5.237324454648856,-0.03372561044766132,0.9171291207588668,-0.017584498711333246,0.9409649150795502,0.46561474611216064,0.1271368871719884,0.3770495249884342,0.12125082299147612,-0.34569245367549406,0.271056686628144,-0.2813874297663251,0.2120034309228257
92,5.274980900222079,4.693761465944396,5.7675346726235315,4.488717571162452,4.713642307360566,4.130227209260039,4.435109094273116,5.266098500960463,5.068175596264338,5.242788292845378,5.668625075236943,4.964268651821828,0.13935222458204813,0.6657884760641235,0.12065379433217112,0.6118822583774937,-0.32062002869004114,0.3095949203088464,-0.22268088570756164,0.363888846504381,-0.30580389894739896,0.3337191427618811,-0.201604912253002,0.36929322539727305
93,4.564736743483998,3.5672142041532924,3.3081401167748017,,4.057980964744021,4.312088684882694,4.006836388795686,4.29244622566598,4.8480655495391,4.288582693925216,3.839921063805596,4.151602703070398,0.5762981328450084,0.06349701740115196,0.42118354359539906,0.09945347974830884,0.4802992415349714,0.13484143966601495,0.34171285718813205,0.16746459631208976,-0.10502392594476133,0.758602917769562,-0.0926084733220795,0.6953314519715932
94,4.458696309327298,3.989017695845358,5.633814075575483,5.584501651197367,4.1133223480579115,4.3636244610978485,5.236220926456153,,4.6091919777250405,4.998336186005884,3.67035145006638,5.601418215956332,0.023097706696354404,0.9462571590504734,-0.019262853213235488,0.9366572485083353,-0.1938404257938389,0.5679322774753433,-0.15114173098063566,0.547851976991804,0.15068650244248366,0.6583070394760853,0.12965186265091133,0.5834980687189695
95,4.960814401388856,4.931571091803266,4.531872630064265,4.992167094578588,4.908049767625899,3.5953352438066912,5.521633971716835,5.338854243137939,4.833010858133023,5.037199185850097,4.497745774468089,5.16180633336305,-0.5851464855577523,0.045643793699123116,-0.5360201681382464,0.022498971048993305,-0.23010615652655605,0.4718438217479829,-0.15891043154093204,0.4859698937884823,0.33924167651530535,0.2806948846087858,0.20488325586666564,0.3662274540729973
96,5.996296283744195,4.8447245418535045,5.32722946414813,4.731456231773995,6.655498122910062,4.301903048239558,5.303219271711646,5.257501656264731,4.575158758367083,5.46246502496999,5.487292672781273,4.839123248590044,0.4501962169000496,0.14194115178782912,0.3755338080994054,0.11172735168127879,-0.04643923472201093,0.8860439289954927,-0.03232540919176179,0.8880915325450792,0.05263190293668779,0.8709533801469411,0.03077287274483318,0.8904027809514473
97,4.06442874404593,4.186514692692645,5.401119747909158,4.881358338212554,4.789204607069454,4.089717873124801,4.350875271969176,5.149218307884718,4.727856846873495,4.510733371092998,4.331480351739459,4.334192622706583,0.15019349877480087,0.6412770283904048,0.17766726362967536,0.4577174344274463,0.06095108666000111,0.8507436965653403,0.048911598804451846,0.8321417682696266,0.47803827881432476,0.11597084638673438,0.32566947363946475,0.1469779020657125
98,4.711145432791098,4.982553333300755,3.9927302724293927,4.127546238863255,4.188505333556391,4.086515768395572,5.779016666681322,4.2722533123958035,4.504775467992312,5.332890939543866,4.8475909973525395,3.4764452860921624,-0.41555319563052834,0.17912439094033472,-0.3486385256233475,0.15480033456004982,-0.38793243592901383,0.212743145359282,-0.32897584747988445,0.15660678500724423,-0.2385979599796513,0.455172655470345,-0.1538643637241659,0.49084037311371664
99,3.46373763584072,5.233154936754799,4.507063369559795,4.818234006020114,4.519747186051836,4.138189690131451,4.779639177179441,4.236186023334044,5.1635131445517874,4.108050110970441,4.874851995238924,4.805427548901246,0.1847482964709027,0.5654116113128795,0.17627661877765757,0.44158134995613096,0.11346408718619136,0.7255098556838127,0.10241831129983783,0.6644580662404336,-0.017574936721114886,0.9567669865377797,0.015508070173307846,0.944940755265874
100,4.5468262361181315,4.874725899047059,5.905162608909726,5.667133121405042,4.860701518427182,4.787925746440093,5.293388014799964,4.47121720642348,5.05796400857731,5.06624435680166,4.573477083235511,5.589396948421167,-0.2801734259487322,0.37776409769475805,-0.16448792373994223,0.4787662742236909,-0.4030446159483618,0.19390858951446524,-0.31535541189691385,0.17729327255318428,0.10507897025075195,0.7451766219125175,0.015267620413811482,0.9452010837327357
101,3.6302958380595247,4.977440846126486,4.345708589875868,4.4982293718715365,5.304126574719574,5.285348801691724,6.163671728142738,4.8041712705714525,5.049849944038097,4.998930354835583,4.783790554417227,5.1336728466102,0.5459789839000936,0.06629810483616413,0.4276686017238498,0.06554108215307125,0.3072549338995136,0.3313127457838001,0.23854214911071142,0.32849992826989405,0.1908234430398593,0.5524610735806731,0.14184225406153778,0.5316145768816123
102,4.502254291573337,4.6735700663334026,4.909668602123384,3.947839186319456,4.839432937142411,4.6627812836433336,4.731858418648472,4.496716107789112,4.867015933685945,5.413631547254787,4.464701702104675,4.9827489043116975,0.5522025267137284,0.06265211852333291,0.4526019054848143,0.05837227743255791,-0.1966675774581788,0.5401200144088205,-0.15194743527951726,0.5330025143007087,0.5148869542286845,0.08671829744392613,0.41222575117291005,0.06347819641136146
103,4.36139595027206,4.782983600778742,5.705320131746662,4.967502485825504,5.571800315409823,5.5615099738054266,4.697671812080871,5.055320423554408,4.085351346562342,4.907268809409294,4.8795800515375065,4.227570175926067,0.02911420978274312,0.9284326632446989,0.0335012605086404,0.8858229490911618,0.44622796765711487,0.14592330870496742,0.38174602492784304,0.10243436499289738,0.14762946845736502,0.647045597544224,0.10855649121315493,0.6287906512902292
104,,5.222499695341792,4.684409264872164,4.2056914524271205,3.809220040970765,4.8241293826723854,4.792919884317484,4.835848338797597,4.340099949920571,5.027007957479753,5.311410686608427,4.049423854776939,-0.09582659576267816,0.7792693668958788,-0.06168870908644987,0.8041353164632719,-0.04641383264076559,0.8922100259702148,0.0,1.0,0.63452467602295,0.035987621931497765,0.5097970656333186,0.03298076157369074
105,5.873403464814715,4.3810812293869335,4.737815656589526,4.589989424323685,4.9823840279066935,3.97171745389864,3.851232206130958,4.378416514792878,4.759204816230311,4.611119680709138,3.9375994017011937,4.7852240392893215,-0.2877720327146869,0.36440516693309766,-0.24990759563535753,0.3095519328984013,0.39641752376358586,0.20203664264252635,0.34815531191139565,0.13964939861042938,-0.5265313520914635,0.07863046813632459,-0.3309652594769214,0.14439979221307142
106,5.063086159947712,4.2099208876882805,6.0152135916828415,5.629650142603424,5.376690091489066,5.204327106951483,3.4553506384429022,4.5165778914172225,4.89521432435782,5.114003464640929,5.029044361478404,5.254398676288694,0.28577990598160574,0.3678831935012029,0.211950261485958,0.35996466134735805,0.04181210050035454,0.897342509915564,0.041030496993110906,0.8682353491641284,0.3152369107522558,0.31824499801822026,0.19847906537954926,0.37156462722472616
107,4.290782306468787,4.570819242978299,4.608718252412375,4.577247374828952,5.043022574986028,5.42189144859125,4.769634206672982,4.830632180399035,4.7639368306409535,3.743030442644524,4.391670391420172,3.825179698003269,0.00717071607764719,0.9823545256837893,0.0,1.0,-0.20235366268596794,0.5282254381558451,-0.12309149097933272,0.6041792052542441,0.10247925644733182,0.7513031457949984,0.07880125225640985,0.7281976737354827
108,5.3040627801351,4.987501130035822,5.419747923598695,4.369434786038869,4.680344775029012,5.956847447449264,5.726820021391133,5.262742808003657,5.469810621118062,4.67107725730682,5.662994344816317,5.584770982470808,-0.4676983905587641,0.12521704173634307,-0.40201512610368484,0.08594106026343286,0.15402087980121107,0.6327000210908743,0.12065379433217112,0.6118822583774937,0.4225456891223993,0.17117595198400154,0.25012215979228897,0.26802303742647116
109,4.768831241591778,5.484947890910096,4.652098919803271,5.826541734630574,4.885101984390333,5.318544635899903,5.057191232894167,3.747369883278467,6.756138334653773,5.220345071113318,4.9194883704496615,5.115974529527972,-0.03936663967070454,0.9033210628782363,-0.03289758474798845,0.8877228148116516,-0.42229668010392146,0.17145512506121505,-0.3097734590948617,0.18019441523163593,-0.06678475954023655,0.8366203636327468,-0.07754035086653922,0.7298636285922802
110,5.347216372337384,6.7500399158220015,4.262824223558159,4.392006640942089,4.888762486277176,4.827444152710927,4.337090228559059,5.0686367174629625,5.026387207481664,4.982531689754894,5.908686200993495,4.304545684975666,0.23291367826194495,0.46630104177928355,0.1706971854997297,0.4720208091290222,-0.15474034362303174,0.6310923200146648,-0.11618357280412614,0.619153706689038,0.5220661545303379,0.08166830097580748,0.3439179697143973,0.12715299260001428
111,5.520821886415956,5.615654417115868,5.384068899808396,5.302932286875984,6.358406500935807,5.467762220397277,5.9622844902925305,5.2746228447360775,4.931283570943892,5.290586220912432,5.342929912150481,5.8184129220888146,-0.10658555565629003,0.7416323499479266,-0.048075441484815705,0.8337686536567211,-0.3378344809521317,0.2828230103405367,-0.2630695140178147,0.28252627436588706,-0.5684245517162282,0.05380661730334598,-0.3692744729379982,0.09822207705620688
112,4.246556034386552,5.463713942799727,4.478123126376552,4.944318151849329,4.570073053773847,5.254167598359028,5.343819595883691,5.828569968722472,5.621131502651617,4.1402620114714805,4.635643968607875,3.7915429103731872,-0.12373539157665825,0.7016260475874505,-0.0335012605086404,0.8858229490911618,-0.18406750890457615,0.566870457036404,-0.13926212476455826,0.5602782873970727,0.05291211025645316,0.8702714569566615,0.03126526997403612,0.8897069355331012
113,5.891750561888816,4.577881238792939,4.435442784425357,4.8160336808159725,4.896946044542535,5.47841824919319,4.312345758266597,3.980250464151297,4.0472371924142925,5.05310241986916,5.392251195653522,4.034820113620495,0.554141203107623,0.0615453742061099,0.4139186771923578,0.0965272420205534,0.12219708137608107,0.7051879025814265,0.12309149097933272,0.6080873086069316,-0.28721585201872196,0.3653744519387,-0.22901430620717222,0.3025337411745722
