less_aggressive,more_aggressive
087391_5.png,087391_6.png
087392_5.png,087392_6.png
087393_5.png,087393_6.png
087394_5.png,087394_6.png
087396_5.png,087396_6.png
087397_5.png,087397_6.png
087398_5.png,087398_6.png
087399_5.png,087399_6.png
087400_5.png,087400_6.png
087401_5.png,087401_6.png
087402_5.png,087402_6.png
087403_5.png,087403_6.png
087404_5.png,087404_6.png
087405_5.png,087405_6.png
087406_5.png,087406_6.png
087407_5.png,087407_6.png
087408_5.png,087408_6.png
087409_5.png,087409_6.png
087410_5.png,087410_6.png
087411_5.png,087411_6.png
087412_5.png,087412_6.png
087413_5.png,087413_6.png
087414_5.png,087414_6.png
087415_5.png,087415_6.png
087416_5.png,087416_6.png
087417_5.png,087417_6.png
087418_5.png,087418_6.png
087419_5.png,087419_6.png
087420_5.png,087420_6.png
087421_5.png,087421_6.png
087422_5.png,087422_6.png
087423_5.png,087423_6.png
087424_5.png,087424_6.png
087425_5.png,087425_6.png
087426_5.png,087426_6.png
087427_5.png,087427_6.png
087428_5.png,087428_6.png
087429_5.png,087429_6.png
087430_5.png,087430_6.png
087431_5.png,087431_6.png
087432_5.png,087432_6.png
087433_5.png,087433_6.png
087434_5.png,087434_6.png
087436_5.png,087436_6.png
087437_5.png,087437_6.png
087438_5.png,087538_6.png
087440_5.png,087580_6.png
087441_5.png,087541_6.png
087442_5.png,087542_6.png
087439_5.png,087543_6.png
087444_5.png,087544_6.png
087445_5.png,087545_6.png
087446_5.png,087546_6.png
087447_5.png,087547_6.png
087448_5.png,087557_6.png
087449_5.png,087549_6.png
087450_5.png,087550_6.png
087451_5.png,087551_6.png
087452_5.png,087552_6.png
087453_5.png,087553_6.png
087454_5.png,087554_6.png
087455_5.png,087555_6.png
087456_5.png,087556_6.png
087458_5.png,087558_6.png
087459_5.png,087559_6.png
087460_5.png,087560_6.png
087461_5.png,087561_6.png
087462_5.png,087562_6.png
087463_5.png,087563_6.png
087464_5.png,087529_6.png
087465_5.png,087468_6.png
087466_5.png,087566_6.png
087467_5.png,087567_6.png
087469_5.png,087569_6.png
087470_5.png,087570_6.png
087471_5.png,087571_6.png
087472_5.png,087572_6.png
087473_5.png,087573_6.png
087474_5.png,087574_6.png
087475_5.png,087575_6.png
087476_5.png,087568_6.png
087477_5.png,087577_6.png
087478_5.png,087578_6.png
087479_5.png,087579_6.png
087480_5.png,087540_6.png
087481_5.png,087581_6.png
087483_5.png,087582_6.png
087484_5.png,087584_6.png
087485_5.png,087585_6.png
087486_5.png,087534_6.png
