,feat_layer,rand_num,test_ratio,pca_num,imp1,train1,test1,imp2,train2,test2,imp3,train3,test3,imp4,train4,test4,imp5,train5,test5,imp6,train6,test6
0,conv53,0,0.2,100,trustworthy,0.6203828610342291,0.5496654321502433,intelligent,0.537572607020367,0.45821361945356803,attractive,0.5998500637423473,0.6109199732417766,aggressive,0.6052183913136845,0.5496871853001464,responsible,0.5924180924246998,0.47868953075344695,sociable,0.6363649954917401,0.5951271887372175
1,conv53,0,0.2,110,trustworthy,0.6239608703841452,0.5447005940118812,intelligent,0.5403857569191357,0.45488829724826274,attractive,0.6111999783080168,0.61596434763689,aggressive,0.6113890999021799,0.5422425406245365,responsible,0.5968235436728343,0.47389193829441884,sociable,0.6386404824101701,0.5940120469171508
2,conv53,0,0.2,120,trustworthy,0.6267340262859669,0.5473744104108228,intelligent,0.5448527343401783,0.45485034337944885,attractive,0.6213061143596968,0.6153129149820797,aggressive,0.6181943481254509,0.5414745866117107,responsible,0.5995874471773186,0.4751468641805289,sociable,0.6472798254788374,0.5878969132386077
3,conv53,0,0.2,130,trustworthy,0.6319038535672193,0.5484196499691082,intelligent,0.5527573050346735,0.44935903829870455,attractive,0.6286030711196813,0.6174721915432371,aggressive,0.6237984924274123,0.5457764822680146,responsible,0.6101320607404308,0.4740684943904227,sociable,0.650924754058712,0.5890133091220161
4,conv53,0,0.2,140,trustworthy,0.6370924657532318,0.5446662760827381,intelligent,0.558228980263006,0.45000538645978017,attractive,0.6403771832523495,0.6292997922185175,aggressive,0.6272576098339602,0.5505017995897121,responsible,0.6177382892207597,0.47421474175013145,sociable,0.6540896544016674,0.5917402210787562
5,conv53,0,0.2,150,trustworthy,0.6422701737610144,0.5418297595264282,intelligent,0.5645661941421112,0.45407307664752955,attractive,0.646962058736539,0.6386474178263423,aggressive,0.6317955736621381,0.5630515980451661,responsible,0.6245467276812899,0.4711672003632016,sociable,0.6582660393819241,0.5922110198110431
6,conv53,0,0.2,160,trustworthy,0.6451105900170588,0.5363891439271152,intelligent,0.5687169819632015,0.4529973472464371,attractive,0.6526762090687224,0.6345175160446311,aggressive,0.63593782537806,0.5590633296945525,responsible,0.6279048921626076,0.4683516207919925,sociable,0.6646070898100831,0.5879798635847542
7,conv53,0,0.2,170,trustworthy,0.6468847690966191,0.535637937306705,intelligent,0.5717573088723475,0.45110776073580283,attractive,0.6591443298622316,0.6401961175086068,aggressive,0.6410283078696146,0.556734086798191,responsible,0.6296253096597172,0.46712281463674565,sociable,0.6668145370193541,0.5918067833493497
8,conv53,0,0.2,180,trustworthy,0.6532308097318447,0.5393706327129083,intelligent,0.5807088790653466,0.45120087842473283,attractive,0.6637953349346482,0.640361431113166,aggressive,0.6477446734816591,0.5674756173724783,responsible,0.6366861765211836,0.4738545714462332,sociable,0.6718245608036606,0.5862053443709198
9,conv53,0,0.2,190,trustworthy,0.6569027151402271,0.5376450368647431,intelligent,0.5856489984817477,0.4503575462714371,attractive,0.6664909725191178,0.6390202084099892,aggressive,0.6514900419783717,0.5731652983984405,responsible,0.6399941113934609,0.4736804544718415,sociable,0.6754809366848523,0.5839967255122577
10,conv53,0,0.2,200,trustworthy,0.6661024697486783,0.546315177354233,intelligent,0.5967584639575185,0.4546461701350065,attractive,0.6712921777791154,0.6447413975946014,aggressive,0.6603068939168513,0.5779963245327845,responsible,0.6547189270466571,0.4733170949311972,sociable,0.6837841223975558,0.5837955002416634
11,conv53,1,0.2,100,trustworthy,0.605369994268461,0.5963260437109006,intelligent,0.5373441275085709,0.46254355072914977,attractive,0.6311843394667835,0.48310296522903867,aggressive,0.5978611089227055,0.5662506173541125,responsible,0.5744984732010229,0.5285408020288501,sociable,0.6451137729806032,0.5372248733304615
12,conv53,1,0.2,110,trustworthy,0.6136425015877246,0.5983448996412281,intelligent,0.543027950003159,0.46636843897528263,attractive,0.6433194039086553,0.49116866972768936,aggressive,0.6074110182728556,0.5633370562220945,responsible,0.5841020458013171,0.5361302538918553,sociable,0.649383288424685,0.5455018739849815
13,conv53,1,0.2,120,trustworthy,0.6150813950517416,0.5955501476150076,intelligent,0.5453749408774249,0.46448153488710814,attractive,0.6508143393668849,0.48951487823530465,aggressive,0.6107736390955604,0.562790465929839,responsible,0.5857318506751815,0.5355987594386133,sociable,0.654894223761492,0.5461592464664394
14,conv53,1,0.2,130,trustworthy,0.6231493539520763,0.5888774609428106,intelligent,0.5534160780672525,0.4568138523888498,attractive,0.6570398070337,0.5006054292070397,aggressive,0.6164014687029642,0.5614951971589531,responsible,0.5956404780804636,0.538112735763019,sociable,0.6597921720408119,0.5460486427777766
15,conv53,1,0.2,140,trustworthy,0.6264767634603821,0.5955051668373956,intelligent,0.560832185343239,0.451688002589093,attractive,0.6639380146354752,0.5123378688156358,aggressive,0.6219423400447462,0.5704950837047499,responsible,0.602967503292123,0.5374712401688576,sociable,0.6638272774061111,0.5558252377887015
16,conv53,1,0.2,150,trustworthy,0.6298582206580937,0.5887125821669207,intelligent,0.5649328201917587,0.44957689348567226,attractive,0.6763116219387355,0.5077153376184069,aggressive,0.6305192801075139,0.5663284335289398,responsible,0.6072718021752819,0.5358506434510676,sociable,0.6681533416087917,0.5568349389836409
17,conv53,1,0.2,160,trustworthy,0.6326169300822923,0.5885037663203045,intelligent,0.5715783569836458,0.44378230102622923,attractive,0.6826117011523993,0.5124994155336834,aggressive,0.6362858244088362,0.5703100169598071,responsible,0.6129571720509652,0.5364809241088608,sociable,0.6751473328037001,0.5550386983644522
18,conv53,1,0.2,170,trustworthy,0.6350553883627494,0.5881590664141031,intelligent,0.5768836651499972,0.4469290380974727,attractive,0.6853360364331262,0.5110350473444878,aggressive,0.637733427622859,0.5731930860483393,responsible,0.6166411435252248,0.5351814726832391,sociable,0.6766988582579708,0.5555345186961076
19,conv53,1,0.2,180,trustworthy,0.6406970754901252,0.6007603672467887,intelligent,0.5809452204513201,0.45545310593400906,attractive,0.686955418607766,0.5128745911625417,aggressive,0.6436264653801881,0.5857752535385817,responsible,0.6209350557018177,0.5464872628460485,sociable,0.68032142997794,0.5559211126364989
20,conv53,1,0.2,190,trustworthy,0.6480312976982361,0.5935739121490972,intelligent,0.5943305700650268,0.4411757936783225,attractive,0.69152072435129,0.500513625081046,aggressive,0.6517567785303853,0.5827641172649403,responsible,0.6283841989202666,0.5344004170020283,sociable,0.6846309835776874,0.5488406861672486
21,conv53,1,0.2,200,trustworthy,0.6549646207649477,0.590262891650742,intelligent,0.5980033693584822,0.4512165863133921,attractive,0.6970024403101625,0.5043855000872705,aggressive,0.6571331131957733,0.586217644502652,responsible,0.6334554834492806,0.5377253930994195,sociable,0.6875765116354743,0.5531729927826222
22,conv53,2,0.2,100,trustworthy,0.6104871963636966,0.5915703199884088,intelligent,0.5338205485060316,0.48405530286732107,attractive,0.6121244553533209,0.5478735048342777,aggressive,0.5970621573798816,0.5835279896186355,responsible,0.5693502579015661,0.561484489977404,sociable,0.6269680191227414,0.6211363842217513
23,conv53,2,0.2,110,trustworthy,0.6152843029227691,0.5838215917316882,intelligent,0.5382544419980356,0.47840847574635914,attractive,0.6245259472190218,0.5523760509673752,aggressive,0.6052467580780214,0.5754112171038316,responsible,0.5790534057549198,0.5543508250044529,sociable,0.6318364906359425,0.6174540752306963
24,conv53,2,0.2,120,trustworthy,0.618780605360451,0.5871115401244691,intelligent,0.544800804539338,0.47412013891640137,attractive,0.6382164559453448,0.554306697842574,aggressive,0.6102341693128689,0.5763959342698396,responsible,0.5841016390179485,0.5521278951195783,sociable,0.6383660357898719,0.620756781806991
25,conv53,2,0.2,130,trustworthy,0.6218419671967729,0.5848388373724567,intelligent,0.548581035857419,0.4768891666441824,attractive,0.6443507503643188,0.5570422838669977,aggressive,0.6138835469366632,0.5807117834410712,responsible,0.5881737042331285,0.5514694235536022,sociable,0.6406632878872468,0.6262586814328208
26,conv53,2,0.2,140,trustworthy,0.6269165601685955,0.5824568916490196,intelligent,0.5523015474463161,0.4821425210038605,attractive,0.660864386087796,0.5596081187081725,aggressive,0.619145588343646,0.5805018502660865,responsible,0.5968128584906282,0.554770285735274,sociable,0.6477367268851684,0.6239206604661284
27,conv53,2,0.2,150,trustworthy,0.6297172205778763,0.5843167227081507,intelligent,0.5574285527553381,0.48014031193331635,attractive,0.6657889508858019,0.563243817962888,aggressive,0.6266654969219191,0.5930937840253424,responsible,0.601492353912877,0.5573277098269879,sociable,0.6505092678237161,0.6302100654728491
28,conv53,2,0.2,160,trustworthy,0.6331443346836989,0.5860017807877423,intelligent,0.5627162324864174,0.49235584127487575,attractive,0.6734694912418907,0.577393841881684,aggressive,0.6298660643393842,0.5975883560951432,responsible,0.605713950409202,0.5569684469822428,sociable,0.6546683759025469,0.6373785058377827
29,conv53,2,0.2,170,trustworthy,0.639397306624569,0.5795660843191167,intelligent,0.5663417022062811,0.49369369070038854,attractive,0.6776507704004122,0.5836776621606913,aggressive,0.6371054424140989,0.5979869484257484,responsible,0.6102579249622232,0.5555667802619849,sociable,0.6596643202637881,0.6354433810960843
30,conv53,2,0.2,180,trustworthy,0.6427729421544197,0.5833782535951015,intelligent,0.5699236759648141,0.501487495563372,attractive,0.6809615130534414,0.5809702570667168,aggressive,0.6414897373931039,0.5930132022710523,responsible,0.6147444593433911,0.5581555117847746,sociable,0.6626485764900609,0.630949298360306
31,conv53,2,0.2,190,trustworthy,0.6454375634784857,0.5864526321731878,intelligent,0.5768400427968566,0.5048554231595981,attractive,0.6820430789947634,0.582941005206301,aggressive,0.6499193189325594,0.5926943358581439,responsible,0.6182548043772434,0.5617421932508216,sociable,0.6649000578122765,0.6340861788283932
32,conv53,2,0.2,200,trustworthy,0.6520592531799357,0.5914063930175504,intelligent,0.5861989538753416,0.517276032706934,attractive,0.6868837481124507,0.5842160902863162,aggressive,0.6556921154271231,0.5925869019696253,responsible,0.6254142191716136,0.5587080123688554,sociable,0.6709525258758131,0.6351073130401443
33,conv53,3,0.2,100,trustworthy,0.6121226541452333,0.5794576442046069,intelligent,0.5353830268857662,0.4660304459355302,attractive,0.6151195881023821,0.5289028827552913,aggressive,0.603638574082861,0.544964339604605,responsible,0.5752776386969866,0.5363911043838592,sociable,0.637377882812582,0.5762409628445606
34,conv53,3,0.2,110,trustworthy,0.6183895871653139,0.5831089125709799,intelligent,0.5393883859866501,0.47416078355466107,attractive,0.6269820728269244,0.5473598705781061,aggressive,0.6076493073036845,0.5476894951653886,responsible,0.5830232120209158,0.5433139807986568,sociable,0.6425270490828727,0.5826378824790069
35,conv53,3,0.2,120,trustworthy,0.6208146603390935,0.5788766585626951,intelligent,0.5439996183073704,0.4686154157704993,attractive,0.6388527544132031,0.5542957836510302,aggressive,0.6139163834144444,0.5474221532963613,responsible,0.5869769087027096,0.5398220332370214,sociable,0.6476654172235111,0.5877703512546024
36,conv53,3,0.2,130,trustworthy,0.627549102139474,0.5728571947106978,intelligent,0.5506798420901027,0.4666921893116707,attractive,0.6459681204648025,0.5552705168894675,aggressive,0.6224739786009682,0.5472704972999735,responsible,0.5964750578778139,0.5419929743246689,sociable,0.651673983858994,0.585166105822947
37,conv53,3,0.2,140,trustworthy,0.633166092826602,0.5722446158679108,intelligent,0.557752319536452,0.4600326165554976,attractive,0.6570862757184626,0.5764369046669593,aggressive,0.6280743685032187,0.557848689871774,responsible,0.605490969218232,0.5379952441002516,sociable,0.6593483631578919,0.5879195814267193
38,conv53,3,0.2,150,trustworthy,0.6360359077531983,0.5626311902143194,intelligent,0.5612431320227389,0.4563527340937656,attractive,0.6612950411181591,0.5743896953100429,aggressive,0.6316170890498067,0.5565790316381363,responsible,0.607560055607038,0.5348295306478571,sociable,0.6614661896491196,0.5888915388598633
39,conv53,3,0.2,160,trustworthy,0.6393598273787972,0.5648264657348612,intelligent,0.5651180633836562,0.4678187936311295,attractive,0.6682205365577095,0.5745181337058599,aggressive,0.6373001832225131,0.5590824695357555,responsible,0.6099570907155998,0.5382811248624999,sociable,0.6661172448654872,0.5951920097419945
40,conv53,3,0.2,170,trustworthy,0.6453967100306528,0.5639239964117272,intelligent,0.5689548613818959,0.4706281247349665,attractive,0.6722083685790782,0.5777007865663589,aggressive,0.6487837917134517,0.561928103834718,responsible,0.6150325869654785,0.5461985752166878,sociable,0.6709366604679051,0.5949614927336254
41,conv53,3,0.2,180,trustworthy,0.6497555633011001,0.5646382972404704,intelligent,0.580861716558885,0.45725282670239,attractive,0.6769889148495657,0.5761596052304438,aggressive,0.6530392482935264,0.5535844907154044,responsible,0.6210526222097854,0.5484284897690848,sociable,0.6743410081517242,0.5903796955083339
42,conv53,3,0.2,190,trustworthy,0.6528877655621661,0.5647102813766772,intelligent,0.5849530406734115,0.4623864669589763,attractive,0.6790772746580818,0.5782286072649694,aggressive,0.6581477494847748,0.5526595777143276,responsible,0.6260687048174687,0.5488994367782944,sociable,0.6781601845244742,0.5851315892391242
43,conv53,3,0.2,200,trustworthy,0.6571332973696263,0.5670171116434869,intelligent,0.5918612650574674,0.4696321603664366,attractive,0.6836209862759398,0.5769727017310536,aggressive,0.6644350883392971,0.559213920351196,responsible,0.6305730681822099,0.5471616236136793,sociable,0.6816192940863328,0.5848449801001044
44,conv53,4,0.2,100,trustworthy,0.6197035247402607,0.5522248657928237,intelligent,0.5314799809885654,0.4762826012611646,attractive,0.6243903936239472,0.5076415111457226,aggressive,0.6029628978040428,0.555906577671282,responsible,0.582912845670344,0.5069634814277376,sociable,0.6375100555062082,0.5888320650587155
45,conv53,4,0.2,110,trustworthy,0.622784006679061,0.5567271544927214,intelligent,0.5356253804640279,0.4785353138765315,attractive,0.6396122802748654,0.5201358209935463,aggressive,0.6058796241826258,0.5585776397379791,responsible,0.5864611530663898,0.514691955144391,sociable,0.6412394236051188,0.5880200031124977
46,conv53,4,0.2,120,trustworthy,0.6248103130574625,0.557389263117131,intelligent,0.538732175565847,0.46698885212207775,attractive,0.6497830069740563,0.5116488041576639,aggressive,0.6092223702217827,0.5580444741545924,responsible,0.5884534433595551,0.5105135189692372,sociable,0.6456930118659101,0.5897199669452475
47,conv53,4,0.2,130,trustworthy,0.6321658055598056,0.5575721960304916,intelligent,0.5529939453583504,0.4690154844745702,attractive,0.6555210459971188,0.5167363820831146,aggressive,0.6150794438169537,0.5682369955586464,responsible,0.6041633423059628,0.5129932532123306,sociable,0.6513823067301776,0.5976485236986788
48,conv53,4,0.2,140,trustworthy,0.6356244099005688,0.5608191134036662,intelligent,0.556447081552888,0.4752596692916051,attractive,0.6642304932895208,0.5263589420931871,aggressive,0.6200238076225707,0.5770082979568633,responsible,0.6101242198234905,0.5207892313185892,sociable,0.6556284011905888,0.5989265544198209
49,conv53,4,0.2,150,trustworthy,0.6397635103097784,0.5546730671906795,intelligent,0.5614146375003211,0.4683166227200781,attractive,0.67585919452406,0.527721981318238,aggressive,0.6307158886209877,0.5656268849419841,responsible,0.614091322864345,0.5148733808286193,sociable,0.6627207878339404,0.5910556584768248
50,conv53,4,0.2,160,trustworthy,0.6428939252331755,0.5523773264763459,intelligent,0.5678694799152622,0.4639180388941206,attractive,0.6824405199412277,0.529089607357966,aggressive,0.6344929997242966,0.5579485478845517,responsible,0.6172268037806431,0.5147990582767501,sociable,0.6665366512869034,0.5883118612182058
51,conv53,4,0.2,170,trustworthy,0.6448569866054984,0.5511999770143527,intelligent,0.5701575150877435,0.4637823973983858,attractive,0.6854553799650114,0.5320895276485929,aggressive,0.6399780872006292,0.5581146432772427,responsible,0.6213981193905803,0.5141655036570123,sociable,0.6706571565750412,0.5880136584053375
52,conv53,4,0.2,180,trustworthy,0.6508001983893849,0.5574590440477034,intelligent,0.5762733491948503,0.4733694506430482,attractive,0.6915663776618083,0.5273649418401833,aggressive,0.6456862787650286,0.5745567040580677,responsible,0.6277437356064177,0.524204222346302,sociable,0.6750341926468173,0.5889500879991253
53,conv53,4,0.2,190,trustworthy,0.6554122963104339,0.5582270242716796,intelligent,0.582428690490967,0.4930265175323901,attractive,0.6940360515674534,0.5271365997466946,aggressive,0.6531955915796493,0.5784790768566079,responsible,0.6313946235114537,0.527728357353221,sociable,0.6771102778944593,0.5922955913253597
54,conv53,4,0.2,200,trustworthy,0.6599589084470336,0.5600746739021084,intelligent,0.5894373031929875,0.4954112534962,attractive,0.7002576049317621,0.5252548885906083,aggressive,0.6567720445617575,0.5762036846886016,responsible,0.6365397525285135,0.528320640227684,sociable,0.6826466322069403,0.594367944628271
55,conv53,5,0.2,100,trustworthy,0.6217921411759821,0.5436197982946844,intelligent,0.5303727043498201,0.49209249375513037,attractive,0.608704859704124,0.5674758001450211,aggressive,0.6097382885183084,0.5291904483844121,responsible,0.5778864306859288,0.5393637351420417,sociable,0.6372551911459523,0.5850760638082462
56,conv53,5,0.2,110,trustworthy,0.6255495754318533,0.5452572302904023,intelligent,0.5340911516601334,0.48943747373647306,attractive,0.624106745734751,0.5722720263452196,aggressive,0.6135357510292145,0.5281245050549268,responsible,0.582481369007668,0.5436695268284055,sociable,0.6407819615277888,0.5866543913798985
57,conv53,5,0.2,120,trustworthy,0.6274187435171887,0.5425223573683355,intelligent,0.5383889716460895,0.4894127362649206,attractive,0.6322079718864486,0.5782265936630332,aggressive,0.6222649816253755,0.5177903626845245,responsible,0.5850722139017864,0.5412963509044347,sociable,0.6483987730628612,0.5783075279831814
58,conv53,5,0.2,130,trustworthy,0.6306049561649605,0.547587959629017,intelligent,0.5428038101047727,0.5044664012467358,attractive,0.6480225520271711,0.5806876348882978,aggressive,0.6253543531290365,0.5251140284997499,responsible,0.5911128650016518,0.553131475773397,sociable,0.6548018821432399,0.5802147136316531
59,conv53,5,0.2,140,trustworthy,0.6345643613849685,0.5522794375294051,intelligent,0.5466984740881946,0.504073977454299,attractive,0.6541701884479673,0.5871287022929199,aggressive,0.6295064472214686,0.5333143577900863,responsible,0.5971649201414944,0.5574565548246757,sociable,0.6573579631769461,0.5850340426099584
60,conv53,5,0.2,150,trustworthy,0.6403759086794801,0.5429882872908556,intelligent,0.5542673791541581,0.494840827793687,attractive,0.6600204471547277,0.5897894114068106,aggressive,0.6383866932151835,0.5362198857550512,responsible,0.6043576953578077,0.5601277184340007,sociable,0.6629613766917156,0.5844745592697753
61,conv53,5,0.2,160,trustworthy,0.6439977142401603,0.5420801532192157,intelligent,0.5618596576012019,0.4990790121778366,attractive,0.6641462928922311,0.5918723160972297,aggressive,0.6419347362842955,0.5354785247686049,responsible,0.6087133765810417,0.5605168936182466,sociable,0.6700837248473013,0.5772482819147059
62,conv53,5,0.2,170,trustworthy,0.6473867902140366,0.5351528861635991,intelligent,0.5646218702514255,0.4962918248913992,attractive,0.6720147690251647,0.5871265694214555,aggressive,0.6461324983023347,0.5333088143114854,responsible,0.6120309189674982,0.5540537576357699,sociable,0.6729490042771704,0.5716881312672225
63,conv53,5,0.2,180,trustworthy,0.6538916027195537,0.531768731270589,intelligent,0.576704352901648,0.4766106228416363,attractive,0.6774811386390213,0.5807174918917353,aggressive,0.6565758951205523,0.5391172129073061,responsible,0.6205094725627073,0.5396944220423874,sociable,0.6799818711648626,0.5713251081800751
64,conv53,5,0.2,190,trustworthy,0.6548870155620701,0.5324067339687368,intelligent,0.5803105284326155,0.48043881783762304,attractive,0.681580805138852,0.5739579358188842,aggressive,0.6586415922665938,0.546324907906839,responsible,0.6224121178526241,0.5474180178014499,sociable,0.6816473215139298,0.573196573839579
65,conv53,5,0.2,200,trustworthy,0.6620623847346085,0.536543737198714,intelligent,0.5897358433947586,0.484510247497114,attractive,0.6873287126479523,0.5685976889477997,aggressive,0.6629259126149082,0.5517576166931955,responsible,0.6295980244176739,0.5540024437838861,sociable,0.6852989689744641,0.5750690424799121
66,conv53,6,0.2,100,trustworthy,0.6282139957509066,0.486120732678114,intelligent,0.5448887819166606,0.41300801386237873,attractive,0.6158614294417133,0.5246622457018848,aggressive,0.6106967965453008,0.5129239610505897,responsible,0.5825389149088344,0.4820228697393759,sociable,0.6402385136018843,0.5721741727865712
67,conv53,6,0.2,110,trustworthy,0.6361541063962521,0.4927939607858977,intelligent,0.5506827421262378,0.4219585596921727,attractive,0.6304537342990348,0.539767795233993,aggressive,0.6189352856919611,0.5101437416493637,responsible,0.5925559616083492,0.49031624516964945,sociable,0.6454557673579256,0.568852607152662
68,conv53,6,0.2,120,trustworthy,0.6402807088155031,0.4815649680821994,intelligent,0.5562741147851287,0.4037672555361909,attractive,0.6412168527464235,0.5430708088999765,aggressive,0.6282892104757168,0.5052182269333205,responsible,0.5947144053365576,0.4887909669936862,sociable,0.6509595165828114,0.5710412568064133
69,conv53,6,0.2,130,trustworthy,0.6441026347960269,0.4878424680508844,intelligent,0.5630258965662688,0.4085090171351206,attractive,0.6505411303491898,0.5502748386540603,aggressive,0.6337543988454292,0.5090891971785503,responsible,0.6031237304533261,0.49723150281609035,sociable,0.6552756399539522,0.5737258374579953
70,conv53,6,0.2,140,trustworthy,0.6484423694436627,0.48597076878308815,intelligent,0.5709327081578015,0.4009996540103309,attractive,0.6698419094645298,0.539332258358592,aggressive,0.6364162019905629,0.5149752922983292,responsible,0.6110148582761681,0.4932565675615209,sociable,0.6608122186084606,0.574061033331101
71,conv53,6,0.2,150,trustworthy,0.6498155488662439,0.48268973874012683,intelligent,0.5735403504080633,0.3920488440437986,attractive,0.6758285696747985,0.5372079739307324,aggressive,0.6420463089138189,0.5076835688679677,responsible,0.612337424813497,0.49017965289063403,sociable,0.6624510436589595,0.5743401584224723
72,conv53,6,0.2,160,trustworthy,0.6540039013238091,0.4857471391285307,intelligent,0.5790273963830759,0.4076104822326637,attractive,0.6829732055039557,0.5392274008491812,aggressive,0.646389001030363,0.5201370666288546,responsible,0.619350509782619,0.49791312181197556,sociable,0.6685649261962772,0.583933912302425
73,conv53,6,0.2,170,trustworthy,0.6583693068071581,0.47781996713542885,intelligent,0.5828514306564158,0.4023606345133181,attractive,0.6858435813715079,0.5401480366273228,aggressive,0.6517543889001747,0.5207520616398716,responsible,0.6211393695401201,0.4919914622845482,sociable,0.6717460667239068,0.5841446106392163
74,conv53,6,0.2,180,trustworthy,0.6608715033060844,0.48562634671628896,intelligent,0.5883169580924548,0.4011435573268493,attractive,0.6875572626286868,0.5361521680735137,aggressive,0.6562861771301446,0.5316209199444231,responsible,0.6251738682451566,0.4989664027660625,sociable,0.6753550655653165,0.5796502238506434
75,conv53,6,0.2,190,trustworthy,0.6629886323697306,0.4965361333010833,intelligent,0.5905676857731536,0.4154824319629832,attractive,0.6920572744568679,0.5369050376299095,aggressive,0.6617497923915769,0.5455681530798804,responsible,0.6280867566434637,0.5102629088528697,sociable,0.6802830207259419,0.5873458486696439
76,conv53,6,0.2,200,trustworthy,0.6677667403186307,0.4977745301144392,intelligent,0.6001770166300009,0.42414311945393357,attractive,0.6969913252502159,0.5375791538763932,aggressive,0.6650152504728744,0.5504580990266925,responsible,0.635114426777212,0.5131721198409925,sociable,0.6824044056366726,0.5859550148975614
77,conv53,7,0.2,100,trustworthy,0.6150857451634663,0.5838672351410936,intelligent,0.5286508136494039,0.4934771240672909,attractive,0.6143351983930752,0.5562412711072511,aggressive,0.608104596630643,0.5441812119241237,responsible,0.5816443777542701,0.5205763641828235,sociable,0.634275902736085,0.6043273455444172
78,conv53,7,0.2,110,trustworthy,0.6177026652314898,0.5829665834149601,intelligent,0.534245858159079,0.4918214530461874,attractive,0.6242761909547412,0.5677657427460976,aggressive,0.6142106667694085,0.5318079687047932,responsible,0.5888396190531597,0.5162370330845418,sociable,0.637480214687964,0.6001699707700516
79,conv53,7,0.2,120,trustworthy,0.6198347667002354,0.5777569502708014,intelligent,0.5366827601844392,0.4954236180153688,attractive,0.6306172951853842,0.5777385454622287,aggressive,0.6163864682210588,0.5325520617897271,responsible,0.5919627002014354,0.510326053569218,sociable,0.6432422014564808,0.6042402045806812
80,conv53,7,0.2,130,trustworthy,0.6255752624332389,0.5806317922705763,intelligent,0.548021366179115,0.48243186956069317,attractive,0.6472223591342107,0.5806797087237477,aggressive,0.623232676108576,0.53975794042102,responsible,0.6020056374546638,0.5076700173448111,sociable,0.649845367297989,0.6099214938933508
81,conv53,7,0.2,140,trustworthy,0.6293873014537396,0.5836159845418812,intelligent,0.5517826742208266,0.47801935679837704,attractive,0.652606468107415,0.5880896331557962,aggressive,0.6295775211962433,0.5444989282983863,responsible,0.6079296121717538,0.5156055132543299,sociable,0.6528275345174145,0.6112677696724852
82,conv53,7,0.2,150,trustworthy,0.6311089648837184,0.582891822854418,intelligent,0.5567324524950774,0.47407515750728435,attractive,0.656654060849834,0.5911928740656001,aggressive,0.6333498055979655,0.5495531085014295,responsible,0.6104142012645954,0.5112746548143319,sociable,0.656586980874508,0.6064929392583216
83,conv53,7,0.2,160,trustworthy,0.6332500394937538,0.578687765474087,intelligent,0.5634800706784013,0.47398206473554577,attractive,0.6645413057903352,0.5961410197709759,aggressive,0.6380785178405287,0.5518753334590984,responsible,0.6142628472549548,0.5167368859835108,sociable,0.6617562356297392,0.6064923891580952
84,conv53,7,0.2,170,trustworthy,0.6378343865378483,0.5817122508415461,intelligent,0.5671689443405767,0.4721222135735613,attractive,0.6673434003309148,0.6018531147527247,aggressive,0.6466473829076935,0.5529898328448333,responsible,0.6199386649328096,0.5146041515031929,sociable,0.6644518319818968,0.6062758882175251
85,conv53,7,0.2,180,trustworthy,0.6422943179927314,0.5839678457786418,intelligent,0.5721762949014557,0.4726001780130231,attractive,0.6712624938075048,0.600434754998128,aggressive,0.6513915729248292,0.5618890179358998,responsible,0.6245193619060906,0.5112725887152304,sociable,0.6672902691652035,0.6125760469416729
86,conv53,7,0.2,190,trustworthy,0.6524640927457125,0.5825204324189985,intelligent,0.5881497118656025,0.4739329036609788,attractive,0.6782670512240642,0.6072352632124235,aggressive,0.6606690536363893,0.5618451934571361,responsible,0.6365305798178192,0.5119570093098132,sociable,0.6749511225858973,0.608122416546302
87,conv53,7,0.2,200,trustworthy,0.6553150465696796,0.5823095128928657,intelligent,0.5921610677813496,0.47504359883271075,attractive,0.6844530351201698,0.5975415920888019,aggressive,0.6647889454755539,0.5665360641478243,responsible,0.6404975534236306,0.5097026236421558,sociable,0.6786245610848775,0.6066408386720439
88,conv53,8,0.2,100,trustworthy,0.6108241083946527,0.5889257811127504,intelligent,0.5251577048567597,0.5052446635228607,attractive,0.6074507000501508,0.5752538781741843,aggressive,0.6040476364297815,0.546415330616544,responsible,0.5784125689782358,0.5318542285637914,sociable,0.6385930179463934,0.5875851066623903
89,conv53,8,0.2,110,trustworthy,0.6153644876454526,0.5870241238046108,intelligent,0.5294415314069234,0.5027862789242974,attractive,0.6232187354530035,0.5839409462973546,aggressive,0.606129957632066,0.5447739068948821,responsible,0.5820510948606926,0.5303713827106593,sociable,0.6424982223884704,0.5862091847956007
90,conv53,8,0.2,120,trustworthy,0.6192878866567214,0.5808537502836542,intelligent,0.5365126934846461,0.5056471821784039,attractive,0.6327178529094634,0.5776564105504487,aggressive,0.613600806611166,0.5453240366485375,responsible,0.587755420593245,0.528131810926945,sociable,0.6483828943594444,0.5823819992153104
91,conv53,8,0.2,130,trustworthy,0.6242647122935403,0.5777445464498103,intelligent,0.5429277862057332,0.496405650156583,attractive,0.6475460494053927,0.5703579957654409,aggressive,0.6185948070290452,0.5513103611407109,responsible,0.5949091498968,0.5328542461658736,sociable,0.6533889609837668,0.5848422827372096
92,conv53,8,0.2,140,trustworthy,0.6280673047166128,0.5753514492796616,intelligent,0.5481486187693217,0.4888867724445552,attractive,0.6648287457314855,0.5673284952169798,aggressive,0.6245961752398422,0.5498295435641382,responsible,0.600417034114248,0.5339186222645323,sociable,0.6568845938684416,0.583993858051521
93,conv53,8,0.2,150,trustworthy,0.630774378033365,0.5739714715677744,intelligent,0.5526310852495635,0.4883537188930327,attractive,0.6685349667021486,0.5643638350192444,aggressive,0.629937559670097,0.5472592351952335,responsible,0.6031022458237447,0.5361446006379678,sociable,0.6600009202388729,0.5797821169526776
94,conv53,8,0.2,160,trustworthy,0.6357743675877223,0.5698321483039918,intelligent,0.5636920623206501,0.4690023404973341,attractive,0.6744751248259547,0.566759296495007,aggressive,0.6358822713556254,0.5545204357307648,responsible,0.6105742714381646,0.5205601230657432,sociable,0.6666786487373001,0.5773497589848707
95,conv53,8,0.2,170,trustworthy,0.6378230156255889,0.5661219567685775,intelligent,0.5684650313864937,0.4735073617054566,attractive,0.6779986737166591,0.5663456845732242,aggressive,0.6438230443887035,0.5431044708846664,responsible,0.6138424759499597,0.5223871416027843,sociable,0.6696086393046465,0.5797139095231143
96,conv53,8,0.2,180,trustworthy,0.6464064425553679,0.5715046489193549,intelligent,0.5796040862044373,0.4754968954004094,attractive,0.68438577042301,0.5668421028386347,aggressive,0.6539000013576142,0.5419980187426252,responsible,0.6221176887506249,0.5307747281492962,sociable,0.675186439771311,0.580803289109431
97,conv53,8,0.2,190,trustworthy,0.6505869763700025,0.5704556711398365,intelligent,0.585959745903612,0.47228853177858265,attractive,0.6860100742071236,0.5742227123937378,aggressive,0.6571186247493177,0.5430976165822536,responsible,0.6280651918099326,0.5286684705686544,sociable,0.677260015471267,0.5825825109570545
98,conv53,8,0.2,200,trustworthy,0.6597410636227616,0.5610469910094912,intelligent,0.5931589806804147,0.472633740890419,attractive,0.688269370216375,0.5699831409098545,aggressive,0.6641922995655619,0.5390319796106815,responsible,0.6338257450728115,0.5318595114493656,sociable,0.6850861704171356,0.5626396860914649
99,conv53,9,0.2,100,trustworthy,0.6233438670199186,0.5221475385061807,intelligent,0.5405555670399227,0.4357463791010346,attractive,0.6123708683074254,0.5625583069556745,aggressive,0.6095680185023601,0.514442929117497,responsible,0.5823977360999922,0.4946529741041431,sociable,0.6409903983177485,0.5586510289085336
100,conv53,9,0.2,110,trustworthy,0.6291431992061248,0.5241322821009043,intelligent,0.5464482970530318,0.4284063921353354,attractive,0.6207786079001322,0.5725784351473273,aggressive,0.6164885275115977,0.5140330355471798,responsible,0.5907859391193735,0.4946373455184178,sociable,0.6458777055093535,0.560250830634625
101,conv53,9,0.2,120,trustworthy,0.6324195696004017,0.5214701020343419,intelligent,0.5547441961133287,0.42165435051541034,attractive,0.6314125064287509,0.5780357859103927,aggressive,0.6218045669794093,0.5097775766317945,responsible,0.5962381201283896,0.4908677448969427,sociable,0.6505483717016567,0.5634611078309606
102,conv53,9,0.2,130,trustworthy,0.6363999505091101,0.5297467635961775,intelligent,0.5613014284504337,0.4247770318386581,attractive,0.6397685409320006,0.5873751644268115,aggressive,0.6272569404572181,0.5176800519092531,responsible,0.606153952534414,0.5053269449400197,sociable,0.655988296121857,0.5692742367177174
103,conv53,9,0.2,140,trustworthy,0.640443314592919,0.535073537550266,intelligent,0.5637184171523706,0.42329593950455763,attractive,0.6487816873129748,0.610701409938954,aggressive,0.6324471834143479,0.5315917718482501,responsible,0.6120268089613012,0.5108255199891969,sociable,0.6603773777400431,0.5743305064982313
104,conv53,9,0.2,150,trustworthy,0.642314803252345,0.5334663874716501,intelligent,0.5654242331759584,0.42777606309565785,attractive,0.6527185500493422,0.6079967531147421,aggressive,0.6365201112247777,0.5378666762957176,responsible,0.6144845088758002,0.5063308620332284,sociable,0.6627432920576194,0.5715782583244595
105,conv53,9,0.2,160,trustworthy,0.6452094055978489,0.5285415775090944,intelligent,0.5707632470589885,0.4240028352182655,attractive,0.6628558654066056,0.6132419736914152,aggressive,0.6417399193486435,0.5409940938395382,responsible,0.6181062486599938,0.5046524811964278,sociable,0.6687354993920517,0.5777822687240682
106,conv53,9,0.2,170,trustworthy,0.649592452472915,0.5247925091724175,intelligent,0.5759713813575582,0.42855888973112655,attractive,0.6672032360435981,0.6105376697321964,aggressive,0.6476459548762534,0.5376728173965045,responsible,0.6222620198888976,0.5044402092878765,sociable,0.6713809908053288,0.5781154245592804
107,conv53,9,0.2,180,trustworthy,0.6539193557294245,0.531411103694605,intelligent,0.5827880483103015,0.43908665362881993,attractive,0.6751574620832157,0.5921024299974572,aggressive,0.651725514085652,0.5420222616245666,responsible,0.6261655492652389,0.5121402286714282,sociable,0.6760862521466938,0.5754097614386544
108,conv53,9,0.2,190,trustworthy,0.6620259796039001,0.5321667668663321,intelligent,0.5937261742318942,0.4478791328710038,attractive,0.6800674343332038,0.5890366964407023,aggressive,0.6610356904440003,0.5523948711997633,responsible,0.6336160197199228,0.5138360698960313,sociable,0.6801127881211114,0.576399423749363
109,conv53,9,0.2,200,trustworthy,0.6665412709971728,0.5296741075838239,intelligent,0.598568379921259,0.4495796998845127,attractive,0.6832966190653549,0.5892860987552391,aggressive,0.6662408878458126,0.5450945300244504,responsible,0.6386633037154146,0.5157694616694832,sociable,0.6854138173836546,0.5726505521512484
110,conv53,10,0.2,100,trustworthy,0.6139919697109536,0.5612719794866108,intelligent,0.5325589517277726,0.49185637546824884,attractive,0.6103595374557539,0.5488458404629192,aggressive,0.6017954663651716,0.5490982452641183,responsible,0.570953509274054,0.5368662024237527,sociable,0.6341432566722012,0.5910125509003623
111,conv53,10,0.2,110,trustworthy,0.6198125508457303,0.5710422174217407,intelligent,0.5339102665553964,0.4975404955587429,attractive,0.6286904320186772,0.5492051131340181,aggressive,0.6078412838522731,0.5532505701882818,responsible,0.5821712824964858,0.5400463481221951,sociable,0.6400329727470718,0.5872343289011193
112,conv53,10,0.2,120,trustworthy,0.6232925105818746,0.5770568683801639,intelligent,0.5368274293014882,0.49897399487094074,attractive,0.6324221092498675,0.5539522854037413,aggressive,0.6132030480078485,0.5582993576391297,responsible,0.585730866306075,0.5391319013877253,sociable,0.6441118054125597,0.5910587955460277
113,conv53,10,0.2,130,trustworthy,0.6273883547082724,0.576934774912252,intelligent,0.5442167858444891,0.5061243793132584,attractive,0.6445887798172295,0.5699151337814976,aggressive,0.6225485264015622,0.5484200350670397,responsible,0.59561128122126,0.5524105369741285,sociable,0.6501388168389073,0.5953288671312565
114,conv53,10,0.2,140,trustworthy,0.6307576059801927,0.5802807070064636,intelligent,0.5504339980957947,0.5028561697335714,attractive,0.6522256007178636,0.5831592449289418,aggressive,0.6289572359754105,0.5514203479896294,responsible,0.5992227287912923,0.5501171453931463,sociable,0.6564494187709108,0.5994297375459792
115,conv53,10,0.2,150,trustworthy,0.6346527805393967,0.5771434968929864,intelligent,0.5559221741831789,0.5035723297126673,attractive,0.6577446535196623,0.5757072482241615,aggressive,0.6346867514446993,0.5560653480048716,responsible,0.603330681099578,0.5542105456410751,sociable,0.6584171903640499,0.5940261388278977
116,conv53,10,0.2,160,trustworthy,0.6375035082950509,0.5754447144191103,intelligent,0.5599185846862993,0.5075490522671389,attractive,0.6675952677688809,0.5819799162146975,aggressive,0.6369505875832162,0.5600095878931469,responsible,0.6065516819714546,0.5557278952864854,sociable,0.6641439977114132,0.5980159414871642
117,conv53,10,0.2,170,trustworthy,0.6452133094521973,0.5763555230982402,intelligent,0.5651806395335223,0.510361173139672,attractive,0.6732568633652939,0.5874564117022422,aggressive,0.6450261346340392,0.567702627037218,responsible,0.614408289927579,0.5617907175517612,sociable,0.6700288795497352,0.6018899385380875
118,conv53,10,0.2,180,trustworthy,0.6474893704037603,0.5813980782179424,intelligent,0.5693781293057742,0.5163260388052722,attractive,0.6788830903420605,0.5830473225045737,aggressive,0.6496183365724415,0.5800978608331524,responsible,0.6168735930425557,0.5676626689284414,sociable,0.6724525268170591,0.605772998929416
119,conv53,10,0.2,190,trustworthy,0.6502509747292087,0.5806811816855421,intelligent,0.5764470177855742,0.5218482997418625,attractive,0.6810765572503017,0.5877393606018614,aggressive,0.6528958514725993,0.5774250740433566,responsible,0.6205703464771298,0.5717389817959999,sociable,0.6764930888882816,0.6057772631296929
120,conv53,10,0.2,200,trustworthy,0.658064700459934,0.5863153970152349,intelligent,0.5848147684834455,0.5231060314390069,attractive,0.6860394588825668,0.5934776021775285,aggressive,0.6617005659614126,0.5846167505729563,responsible,0.6284794920186907,0.5718353237476868,sociable,0.682667280034391,0.6062349610915707
121,conv53,11,0.2,100,trustworthy,0.6232788193051185,0.5211404772840587,intelligent,0.5479207797098943,0.39292599868551487,attractive,0.6227506639502263,0.5172296211401654,aggressive,0.6091375990103866,0.5174934684377832,responsible,0.5910284978470157,0.46680139103294777,sociable,0.6382460017592899,0.5675571063835527
122,conv53,11,0.2,110,trustworthy,0.6292459308745166,0.5158703052414797,intelligent,0.5522532358399638,0.38520476746467575,attractive,0.6312822002721911,0.5242370267377982,aggressive,0.614562483087937,0.5124457411854239,responsible,0.5958719260409838,0.46268359791836966,sociable,0.6440596223987725,0.5643758084381103
123,conv53,11,0.2,120,trustworthy,0.6329377577786266,0.5080765608618811,intelligent,0.557460674807332,0.3838098494296831,attractive,0.6422029009550316,0.5134850638789548,aggressive,0.6189528817116313,0.5172991351847079,responsible,0.6015714331899857,0.4520465198312398,sociable,0.6502431825475328,0.5578378500051555
124,conv53,11,0.2,130,trustworthy,0.6387873107782995,0.5056289426720139,intelligent,0.5667718616629995,0.3760563599680445,attractive,0.6592242001606088,0.5019192262535074,aggressive,0.6302129192006117,0.5096073156334496,responsible,0.6142269701814592,0.4496838652639205,sociable,0.6570411283837354,0.5511229859078346
125,conv53,11,0.2,140,trustworthy,0.6424467136254063,0.510572919744312,intelligent,0.572895084096299,0.38244590577158327,attractive,0.6675835673202275,0.5118519073883713,aggressive,0.6342311910293398,0.5188252245032656,responsible,0.6198742915139616,0.4585868488395003,sociable,0.6619927637937758,0.5579301445781977
126,conv53,11,0.2,150,trustworthy,0.6446553662266868,0.5113788927075202,intelligent,0.5755442864751992,0.3868746486436896,attractive,0.6754217275100343,0.5188773950891529,aggressive,0.6398736965539648,0.5168128306341605,responsible,0.621990921970485,0.46192437306162415,sociable,0.6644362885227313,0.5565069241356021
127,conv53,11,0.2,160,trustworthy,0.6466405877638018,0.5120558628404235,intelligent,0.5826960754634054,0.3902443302754139,attractive,0.6831113801074647,0.5219256016642932,aggressive,0.6441801142125901,0.5185765485411323,responsible,0.6248150117308892,0.4664603683748524,sociable,0.6672183377260115,0.5597548830917215
128,conv53,11,0.2,170,trustworthy,0.6505368841793422,0.5122711064328886,intelligent,0.5863119136194791,0.3875339135267112,attractive,0.6863314126445336,0.5243832511904541,aggressive,0.650782033663922,0.5207048867581996,responsible,0.6289106777020299,0.47008026253742813,sociable,0.6746268870078636,0.5556189503915827
129,conv53,11,0.2,180,trustworthy,0.6598760762684223,0.5041437726806239,intelligent,0.5901465737130288,0.38319539214365833,attractive,0.6888009698431578,0.5180849061279948,aggressive,0.6613695693750861,0.510940470386037,responsible,0.6366374635558262,0.47312456259625846,sociable,0.6805559001868834,0.5477989518275446
130,conv53,11,0.2,190,trustworthy,0.6630295347912714,0.5101301224536746,intelligent,0.5947642210796027,0.39479804607410224,attractive,0.6904367910178635,0.521441457733451,aggressive,0.6675281525281537,0.5120001031354172,responsible,0.6409312501291392,0.47039233727764074,sociable,0.685791735412313,0.5436696958150521
131,conv53,11,0.2,200,trustworthy,0.6698447433406713,0.5168204479676436,intelligent,0.6051862704436072,0.4109870553182622,attractive,0.6985585263208005,0.520759193521768,aggressive,0.6723921953659846,0.5202651144672363,responsible,0.6479671607579915,0.47645447141022246,sociable,0.6899303527321589,0.5456077660479308
132,conv53,12,0.2,100,trustworthy,0.6079941817797142,0.5924961338086843,intelligent,0.5366194614786762,0.4674437086531727,attractive,0.6141138948058679,0.5530192696962081,aggressive,0.5954836757786888,0.5838856580659145,responsible,0.580851927503569,0.5221701283919382,sociable,0.6417007871959485,0.5503269746195772
133,conv53,12,0.2,110,trustworthy,0.6113932243907435,0.5962839223242237,intelligent,0.5418082470158261,0.465074405517167,attractive,0.6242334550144162,0.5707175216479726,aggressive,0.5998842510068076,0.5792420147405278,responsible,0.5844581498762098,0.522705065518784,sociable,0.6451312115653144,0.5568577307068543
134,conv53,12,0.2,120,trustworthy,0.6153426940480875,0.5997920935701511,intelligent,0.5456541983106974,0.4598691270940317,attractive,0.6333345682355173,0.5833870882026265,aggressive,0.6058184526870102,0.5861884870728725,responsible,0.5870311042407904,0.5252341121862395,sociable,0.6534121798001461,0.5633159240631755
135,conv53,12,0.2,130,trustworthy,0.6190310955024677,0.601440254183475,intelligent,0.5516595856085778,0.46340355450818427,attractive,0.6411515172073529,0.5875251136761827,aggressive,0.6110637732194971,0.5901043275970758,responsible,0.5946743925815582,0.531167888137063,sociable,0.6572149977052962,0.5609332974796919
136,conv53,12,0.2,140,trustworthy,0.6233253169350969,0.6043221704438609,intelligent,0.554052488054097,0.4665295722428328,attractive,0.6493888874694985,0.6022295979449558,aggressive,0.621370675766365,0.583486315578673,responsible,0.60251824948541,0.53008992406576,sociable,0.6630030507853909,0.5598446722476003
137,conv53,12,0.2,150,trustworthy,0.6277617399898955,0.595998546218983,intelligent,0.5594215501097555,0.4706046612223048,attractive,0.6550701132769147,0.6100096375103206,aggressive,0.6271213212948823,0.5860409949664721,responsible,0.6066135159596704,0.5326669444635731,sociable,0.666733560855668,0.5585737228182223
138,conv53,12,0.2,160,trustworthy,0.6301899940687505,0.5945696413190482,intelligent,0.5636175443773305,0.4721455121793771,attractive,0.6625764823064209,0.5964062509905546,aggressive,0.6302726910519737,0.5872986906849886,responsible,0.61048647556671,0.5337938197874847,sociable,0.6704566968712655,0.5649540490705998
139,conv53,12,0.2,170,trustworthy,0.6342722082865605,0.6044014260171606,intelligent,0.5671174695791598,0.4810125371162554,attractive,0.6683093801987627,0.5994757920660986,aggressive,0.6371822216383716,0.5999734583707783,responsible,0.6140172816527234,0.5377804845311773,sociable,0.6721900926190439,0.5702219365356148
140,conv53,12,0.2,180,trustworthy,0.6369685362487897,0.6019099129401028,intelligent,0.5726982195648223,0.4880428038138826,attractive,0.6719353907194836,0.6019144577173959,aggressive,0.6411430341132323,0.6000787541355322,responsible,0.6182694167411454,0.5370405543942988,sociable,0.6750757976277925,0.5642080816361068
141,conv53,12,0.2,190,trustworthy,0.6425987805500348,0.6022425733948347,intelligent,0.5805230461450596,0.489700510363137,attractive,0.6788631421928588,0.5910192396834425,aggressive,0.6494461396727461,0.6054093507178268,responsible,0.625729221925274,0.5332245656322225,sociable,0.682878148579576,0.5622698578287936
142,conv53,12,0.2,200,trustworthy,0.6507482362243266,0.6037597220837427,intelligent,0.5873423437110246,0.48670201179958994,attractive,0.683755245719727,0.5947866413605722,aggressive,0.6519460888818168,0.6097788994184413,responsible,0.6332608294162696,0.5308328980174781,sociable,0.6852334553221283,0.5615551188318012
143,conv53,13,0.2,100,trustworthy,0.6206001377704707,0.5483983288321016,intelligent,0.5270995261718796,0.5020741319094736,attractive,0.6132178121357776,0.5606684929113404,aggressive,0.5994914209804492,0.5722231170995206,responsible,0.5862604561452986,0.4939571309658602,sociable,0.6495449431491812,0.5302694607879423
144,conv53,13,0.2,110,trustworthy,0.6284093238464691,0.5436415328763845,intelligent,0.5335001223162993,0.49988572902326844,attractive,0.6210054389631795,0.5693968939098851,aggressive,0.6038810788939536,0.5728003492622447,responsible,0.5938938108008136,0.5037345669383384,sociable,0.6563620879180899,0.5252387006259589
145,conv53,13,0.2,120,trustworthy,0.6313388052634344,0.5401721803599613,intelligent,0.5392557122976388,0.4961575231682654,attractive,0.6305175388565948,0.5856895560836064,aggressive,0.6090766052976029,0.5763441809424514,responsible,0.597261367245736,0.5017205102009089,sociable,0.659879641720501,0.5350680813780859
146,conv53,13,0.2,130,trustworthy,0.635855784339342,0.5442437525267867,intelligent,0.5462369327855491,0.4916789525702011,attractive,0.6384835348751001,0.5914598039545013,aggressive,0.6164927880606812,0.5755614434115837,responsible,0.6060222113655455,0.5086260955104283,sociable,0.6638962487764225,0.5323282289898653
147,conv53,13,0.2,140,trustworthy,0.6409358327429485,0.5383112560999479,intelligent,0.5535167238821143,0.4867470886364208,attractive,0.6525002295443859,0.5947865597123444,aggressive,0.6229896525675769,0.5717445106369919,responsible,0.6121645568909834,0.5063182117202865,sociable,0.6702233864203596,0.530421110775574
148,conv53,13,0.2,150,trustworthy,0.6423392178115886,0.5343029901266919,intelligent,0.5567253600433099,0.4841884094466986,attractive,0.6589941880118905,0.5904534767427075,aggressive,0.6260892173311096,0.5795445505790502,responsible,0.6144537881522703,0.5050271320759023,sociable,0.6736967040567917,0.5292184438054468
149,conv53,13,0.2,160,trustworthy,0.6447961376571705,0.5340348311884113,intelligent,0.5621640005055213,0.4853699716132917,attractive,0.6650452406109368,0.5924963018595695,aggressive,0.6320395309803979,0.5787905706680659,responsible,0.6181229972612399,0.5028501793824673,sociable,0.6788102386223798,0.527889970445508
150,conv53,13,0.2,170,trustworthy,0.6494505852808248,0.5353666443390601,intelligent,0.5662769559497639,0.48723948706571607,attractive,0.6713527403667764,0.5882065204483773,aggressive,0.6387986938947907,0.5787240506398993,responsible,0.6235765160739574,0.5030867585553566,sociable,0.6819115752290682,0.5284487905645888
151,conv53,13,0.2,180,trustworthy,0.654401514156334,0.5442584760094215,intelligent,0.5710401037449977,0.49300547647324383,attractive,0.6750579121717138,0.5883198539233582,aggressive,0.6479672677981607,0.5893158997075923,responsible,0.628270538742555,0.5072284556669223,sociable,0.6866789464920904,0.5346119294282834
152,conv53,13,0.2,190,trustworthy,0.6574067172557835,0.5476382258652172,intelligent,0.5801788070299907,0.49577295375168756,attractive,0.6794618200379847,0.5914245573498506,aggressive,0.6487778118488421,0.5897119523440715,responsible,0.632758595978562,0.5081214641119475,sociable,0.6894581657198334,0.5354946925588825
153,conv53,13,0.2,200,trustworthy,0.6656672034858477,0.5415574966299602,intelligent,0.5935458287853734,0.4976462669552776,attractive,0.6855590607604274,0.5852724737161595,aggressive,0.6577290585044004,0.591469621547176,responsible,0.6413259455677451,0.5049807726521734,sociable,0.6963317840020506,0.5334182831928218
154,conv53,14,0.2,100,trustworthy,0.6179137003094362,0.5610234794107845,intelligent,0.5416602510999168,0.43959588726218357,attractive,0.6182070654710541,0.5560256915091533,aggressive,0.6044979929345994,0.556299658317187,responsible,0.5862152303414258,0.5039081480906205,sociable,0.6488706184242654,0.5520442588601102
155,conv53,14,0.2,110,trustworthy,0.6249716791312221,0.5606338310220698,intelligent,0.5467452879162666,0.4372078759186965,attractive,0.6270908777778353,0.5707420572208124,aggressive,0.6107695469039823,0.5511962209786182,responsible,0.59227670189469,0.5072339663766172,sociable,0.6543541014406093,0.5491603738548192
156,conv53,14,0.2,120,trustworthy,0.6254453938980195,0.55795701042483,intelligent,0.5492332901915238,0.440517850252397,attractive,0.6324107234516292,0.5866664494408065,aggressive,0.6143480985089771,0.5544936865547897,responsible,0.5948260265342128,0.5046078450820106,sociable,0.6585964603512297,0.55151785914987
157,conv53,14,0.2,130,trustworthy,0.6311028970541102,0.5554132659473581,intelligent,0.555403277098403,0.44359496099034634,attractive,0.6430260944680464,0.5894523465481133,aggressive,0.6199015481452157,0.5597413666169161,responsible,0.6010059219419773,0.5096244327322993,sociable,0.6640093462444824,0.5510066171441127
158,conv53,14,0.2,140,trustworthy,0.6387684038815303,0.5455409939127565,intelligent,0.564133771960644,0.4318276155521528,attractive,0.6545318255823538,0.5969335733114788,aggressive,0.62571940041527,0.5597452712905586,responsible,0.6129724865473207,0.4960766585691583,sociable,0.66676968153183,0.5524628159569246
159,conv53,14,0.2,150,trustworthy,0.6398702065468156,0.5472526617388976,intelligent,0.5677181898988936,0.4328761141257233,attractive,0.6602991895528416,0.59679001834261,aggressive,0.6292032014585094,0.5720248864769107,responsible,0.6147822388750962,0.4938655957815199,sociable,0.6702290760162087,0.5598742576645831
160,conv53,14,0.2,160,trustworthy,0.6445500402772668,0.5430387346048546,intelligent,0.5737421305305508,0.4323611973286835,attractive,0.6700667255335904,0.6000334532135827,aggressive,0.634251402727929,0.5696521450746711,responsible,0.6204715350465881,0.4927469812212026,sociable,0.6749639735505604,0.5602864958219269
161,conv53,14,0.2,170,trustworthy,0.6473949579245689,0.5427944630240213,intelligent,0.5785417303601599,0.42347146884403225,attractive,0.674307609397568,0.5885678489051785,aggressive,0.639897429658945,0.5682041583546825,responsible,0.6234492377358438,0.4942758472649964,sociable,0.6787119926098014,0.5568836611064315
162,conv53,14,0.2,180,trustworthy,0.6554785456396679,0.5409654083789006,intelligent,0.585852406797334,0.4255493586598871,attractive,0.6778308192462381,0.5861771055415052,aggressive,0.6498041644556343,0.5741932688195202,responsible,0.6340551903027104,0.48746414210093764,sociable,0.686248581319035,0.5537999608951164
163,conv53,14,0.2,190,trustworthy,0.6596722310563612,0.5463043923287638,intelligent,0.5942468728728881,0.43488971285950306,attractive,0.6798605972271117,0.5867856795803729,aggressive,0.6542447540725628,0.5776589689630408,responsible,0.6390828370572711,0.49455942584171564,sociable,0.6886220574554537,0.5522166543176682
164,conv53,14,0.2,200,trustworthy,0.6631677916626053,0.5454375108623284,intelligent,0.5980537024810095,0.44053882364763286,attractive,0.6835739229730114,0.5863576306399643,aggressive,0.6592573375720924,0.574905508115817,responsible,0.6421661676645353,0.4961830431348938,sociable,0.6913777764536885,0.5486022713300329
165,conv53,15,0.2,100,trustworthy,0.6177116466905276,0.5547871873415843,intelligent,0.5350886362647658,0.44478642581607236,attractive,0.6074828246417819,0.5631003854519414,aggressive,0.6085165654778225,0.5394421310740056,responsible,0.5897274261141288,0.4728654563922488,sociable,0.6372532180609092,0.5828066196918872
166,conv53,15,0.2,110,trustworthy,0.6232598847564259,0.5543096012470518,intelligent,0.5409908993607201,0.44659084992571657,attractive,0.6251881368268353,0.576254345401282,aggressive,0.6129707537886468,0.5399215250899472,responsible,0.5989291435757548,0.4718718305495997,sociable,0.6408158421672051,0.5868159806407696
167,conv53,15,0.2,120,trustworthy,0.6260898776653953,0.5539210465718294,intelligent,0.5437728771153585,0.44793079081675524,attractive,0.6326661031381686,0.5748693647900862,aggressive,0.6190795109188755,0.5316900310839545,responsible,0.6017591956860561,0.4699235066972953,sociable,0.6469281071502231,0.5877959000374193
168,conv53,15,0.2,130,trustworthy,0.6315458928616264,0.5543406016003899,intelligent,0.5493481780016108,0.4462644249055734,attractive,0.6435827388712684,0.5793059171734257,aggressive,0.6254161989732212,0.5375724228593448,responsible,0.6095856461104702,0.4756671921926177,sociable,0.6522449224963854,0.5902616781311718
169,conv53,15,0.2,140,trustworthy,0.6368397717940696,0.5539994189321369,intelligent,0.5575970397479925,0.44224802605240476,attractive,0.6571033708154967,0.5862712119042933,aggressive,0.632842135539203,0.5345696395640722,responsible,0.6174212606042264,0.4719941776925701,sociable,0.6576818803127502,0.5910507533123766
170,conv53,15,0.2,150,trustworthy,0.6395265434255388,0.5495991604404699,intelligent,0.5630785378420197,0.442003509446826,attractive,0.6641833831013955,0.5817956821523783,aggressive,0.6360639615469443,0.5421220639633832,responsible,0.621658675077618,0.4659362703906443,sociable,0.6604454617852373,0.590547986133461
171,conv53,15,0.2,160,trustworthy,0.6415721730039108,0.5442552175750595,intelligent,0.5670046537549214,0.44267517363971276,attractive,0.6710227945434057,0.5855002193619208,aggressive,0.6391150199477877,0.5353959226146449,responsible,0.6241939946711396,0.4672103442282105,sociable,0.6646147161775542,0.5915352841666336
172,conv53,15,0.2,170,trustworthy,0.6456529918781432,0.5449189395008014,intelligent,0.57302428583036,0.43993358838312013,attractive,0.6750382135993298,0.5861499663310114,aggressive,0.6479680826142573,0.5471437070255741,responsible,0.629226424384546,0.46658752162410694,sociable,0.6694027090865596,0.5933499760551474
173,conv53,15,0.2,180,trustworthy,0.6502428632059907,0.5570671672627271,intelligent,0.579636142135957,0.45115757981699356,attractive,0.6794841805138663,0.5863601582017975,aggressive,0.6552442431845265,0.5550887716031019,responsible,0.6344701849237372,0.47622486579838,sociable,0.6731269907914764,0.6045582416472939
174,conv53,15,0.2,190,trustworthy,0.6550644323734127,0.5583752822323446,intelligent,0.5853815621647008,0.457566166332202,attractive,0.6820902997252538,0.5903743406661796,aggressive,0.6584867998859187,0.5587079459646762,responsible,0.6402669501681084,0.47571704742488125,sociable,0.6772732689114818,0.5933710955875279
175,conv53,15,0.2,200,trustworthy,0.6589135682157502,0.5609447511241376,intelligent,0.5911835976450066,0.4613413236232944,attractive,0.6847280745308494,0.5941420233103181,aggressive,0.6627030737568966,0.5524566954192038,responsible,0.6443071095267568,0.4762202438858487,sociable,0.6804429740828749,0.596387170783259
176,conv53,16,0.2,100,trustworthy,0.6103178039718831,0.60524927335348,intelligent,0.5308512668083264,0.48358736141286524,attractive,0.6115716609137113,0.5738440347377547,aggressive,0.6008865609103976,0.5765896238897279,responsible,0.5725061784777842,0.5654075515233732,sociable,0.6456950636813498,0.5572009437547276
177,conv53,16,0.2,110,trustworthy,0.6148140917138879,0.608905372020853,intelligent,0.5350224046754085,0.4829574962399917,attractive,0.6269886402876972,0.5803511301989107,aggressive,0.6068885441189894,0.5728127706132956,responsible,0.5767125538599661,0.5692372479065495,sociable,0.6490639261834018,0.5609238810741629
178,conv53,16,0.2,120,trustworthy,0.6166391722752107,0.6082045191299814,intelligent,0.537892326416248,0.4786008975492247,attractive,0.6330207686182714,0.5802522279230429,aggressive,0.6122177885588576,0.5719721752526157,responsible,0.578422394888073,0.5704095193605453,sociable,0.6536777067165231,0.5632363943656369
179,conv53,16,0.2,130,trustworthy,0.6230284744977616,0.5986146273361989,intelligent,0.5428918545243739,0.4852321985466538,attractive,0.6409073275819203,0.5859736339135896,aggressive,0.6172732095922027,0.5656026753779773,responsible,0.5864935416838852,0.5677807230474307,sociable,0.6577881336829396,0.5569439177360995
180,conv53,16,0.2,140,trustworthy,0.62843979416409,0.5941448057383798,intelligent,0.5492392209056907,0.48419561228797386,attractive,0.6550817729036561,0.599394531120426,aggressive,0.6268290251494879,0.5651100263553434,responsible,0.5951129625506306,0.5702119622510328,sociable,0.66413209345574,0.5662038804594679
181,conv53,16,0.2,150,trustworthy,0.6311504591482715,0.5925835423921592,intelligent,0.5546776834999955,0.4819641375383415,attractive,0.6611078468940517,0.5991951210710375,aggressive,0.631681344626205,0.566623018456115,responsible,0.5994341842605376,0.5693677043122083,sociable,0.6660365877340224,0.5700700512292635
182,conv53,16,0.2,160,trustworthy,0.6353654277797443,0.5906848305347486,intelligent,0.5613529293513472,0.4766139731295865,attractive,0.6664649272327997,0.6021888100897933,aggressive,0.6405586050421126,0.5602054417348896,responsible,0.6038357918162272,0.5706602768307798,sociable,0.6716551966919524,0.5755607910943047
183,conv53,16,0.2,170,trustworthy,0.6390533789254255,0.5985945875150468,intelligent,0.5680522166125698,0.4757797216893259,attractive,0.6694682961763495,0.5991527264197248,aggressive,0.650497008698969,0.5591450252895135,responsible,0.6089200598934654,0.5732519450250522,sociable,0.6780943725365774,0.5759630213248081
184,conv53,16,0.2,180,trustworthy,0.642674768379471,0.6020845174889188,intelligent,0.5766265246498796,0.4745834627688418,attractive,0.6752665557275067,0.5979232097929136,aggressive,0.654594163756039,0.5601091269844184,responsible,0.6147357456323395,0.577920771290134,sociable,0.6802936735691627,0.5786020816960039
185,conv53,16,0.2,190,trustworthy,0.64810711516591,0.5898801269394172,intelligent,0.582723223744637,0.4586479229649259,attractive,0.6812543183046609,0.5869851312951039,aggressive,0.66225619104856,0.5648713802552499,responsible,0.619953250334227,0.5660604815993122,sociable,0.6857916079744646,0.571836655991285
186,conv53,16,0.2,200,trustworthy,0.6597038579952709,0.5828902894703348,intelligent,0.5975547807001472,0.465501334654305,attractive,0.6873818295329156,0.5874891136731383,aggressive,0.6677793838373285,0.560375931288796,responsible,0.6321883405976161,0.5674275818607956,sociable,0.689801423626024,0.5677536401563853
187,conv53,17,0.2,100,trustworthy,0.6118638664830193,0.5791272095102268,intelligent,0.5284817903824137,0.49191052571563915,attractive,0.6075518311777743,0.5706023836032539,aggressive,0.6012625206844698,0.5642635839630878,responsible,0.583135370325475,0.49509560343876985,sociable,0.6328656489464956,0.605752099741028
188,conv53,17,0.2,110,trustworthy,0.6183870201210137,0.5848071239099958,intelligent,0.5351841423607788,0.492067897472512,attractive,0.6238559619971104,0.5807299936030311,aggressive,0.6050671425941675,0.568386576861788,responsible,0.5927031749225862,0.5066294126134657,sociable,0.6360638733960944,0.60939160390762
189,conv53,17,0.2,120,trustworthy,0.6220872137006969,0.580272151217448,intelligent,0.5407614184356666,0.4884629486766514,attractive,0.6321864238133688,0.5870443028407986,aggressive,0.6114817007846701,0.5690504983541204,responsible,0.5959991637561318,0.4994025633389023,sociable,0.6421598277074857,0.609285539665042
190,conv53,17,0.2,130,trustworthy,0.6262999889735863,0.5799135443017996,intelligent,0.5460230918680429,0.4876377964500442,attractive,0.6460848050488155,0.5728693560511028,aggressive,0.6203986456256936,0.5576640519111662,responsible,0.6025256448580355,0.5026350785304805,sociable,0.6494277399226362,0.5979413859232098
191,conv53,17,0.2,140,trustworthy,0.6305793453286361,0.5835771099074011,intelligent,0.5524128453263586,0.49028771123798986,attractive,0.6582320945889871,0.5769900313872741,aggressive,0.6251547008339267,0.5673656336575973,responsible,0.6099320886139499,0.5095828255108016,sociable,0.6540761518943835,0.6013524539135677
192,conv53,17,0.2,150,trustworthy,0.6340536223501093,0.5687094616174331,intelligent,0.5580793451728517,0.48350743240131294,attractive,0.664284893098189,0.5771045376341104,aggressive,0.6282298888258248,0.5648577318753776,responsible,0.6129715381494327,0.502885561131558,sociable,0.6558517525858987,0.5932875293624867
193,conv53,17,0.2,160,trustworthy,0.6364403789496933,0.5588115574149342,intelligent,0.5650307788728983,0.47567522118515565,attractive,0.6721492290518525,0.577704044430338,aggressive,0.6349201700569128,0.5596059478688356,responsible,0.6168852203031127,0.5040829528824621,sociable,0.6625148751674649,0.5940946539931146
194,conv53,17,0.2,170,trustworthy,0.6415073490913716,0.5562441048481751,intelligent,0.5692037710715615,0.46972929316509365,attractive,0.6747294208730003,0.578583930376895,aggressive,0.6391624866817059,0.5640862910294636,responsible,0.6224614208387517,0.49648406331901446,sociable,0.6655534566788937,0.5931678003743814
195,conv53,17,0.2,180,trustworthy,0.6492085057617183,0.5633702144956381,intelligent,0.5772887411836504,0.4774735923035927,attractive,0.680325058809756,0.5718512173987723,aggressive,0.6505869727546124,0.5753196131348516,responsible,0.6307836783596176,0.49598916391044917,sociable,0.6715189184571946,0.5965512742663889
196,conv53,17,0.2,190,trustworthy,0.6513566789642665,0.5637296179004851,intelligent,0.5795502317246508,0.481607859657316,attractive,0.6851891298927641,0.5738322338746326,aggressive,0.6564830375324151,0.5749219039579002,responsible,0.6344584784313524,0.4932174877717221,sociable,0.6771712077036558,0.5931822827089508
197,conv53,17,0.2,200,trustworthy,0.6598327863469834,0.5642264947310905,intelligent,0.5911974910826048,0.48423967107993654,attractive,0.6883451858714774,0.5746855672566132,aggressive,0.6600944067282155,0.5831850200398846,responsible,0.6418590909938139,0.49319154120831193,sociable,0.6800513802946543,0.5960055619608456
198,conv53,18,0.2,100,trustworthy,0.618901840335374,0.546640508572867,intelligent,0.5364813496931561,0.4526470297151838,attractive,0.6287387301166992,0.5144508176544801,aggressive,0.6098201774876537,0.5280120033193968,responsible,0.5748495943935874,0.5366520537780549,sociable,0.6397761849989587,0.5700094254691447
199,conv53,18,0.2,110,trustworthy,0.6248186775878174,0.541229225217019,intelligent,0.5411440854022302,0.4554786638039302,attractive,0.6317151997257018,0.5195772508519964,aggressive,0.6157317403147033,0.5269593472109656,responsible,0.5814118178347081,0.540220046471844,sociable,0.6441805314237794,0.5661243229928914
200,conv53,18,0.2,120,trustworthy,0.6270813824435783,0.5353411542382988,intelligent,0.5442502282839551,0.4507749510795251,attractive,0.6409421151510116,0.5335095932972571,aggressive,0.6194834559455963,0.5199034119623915,responsible,0.5831878343913061,0.5411186389222183,sociable,0.6488332070353046,0.5706275519834616
201,conv53,18,0.2,130,trustworthy,0.6323983265627343,0.5264620882038381,intelligent,0.5536527036298117,0.4487851632653036,attractive,0.64935058647122,0.5551666034974675,aggressive,0.6258776884388435,0.5203060767627342,responsible,0.5905632988663736,0.533678310484112,sociable,0.6546049844066131,0.5737822495260128
202,conv53,18,0.2,140,trustworthy,0.6357393631872779,0.5244610898466658,intelligent,0.5585298833851464,0.44373699944170336,attractive,0.6583715509333158,0.562557757581404,aggressive,0.6298590367919595,0.5205971520155733,responsible,0.5966879997683985,0.5304746165739213,sociable,0.658723779680331,0.5721775535195908
203,conv53,18,0.2,150,trustworthy,0.6381903190644251,0.5186734334968486,intelligent,0.5621341052662863,0.4324379709790928,attractive,0.6642524567182183,0.5540370034493691,aggressive,0.6343453669830096,0.5281375055904937,responsible,0.6007158012574871,0.5242290488471895,sociable,0.6615269280055371,0.5714550186231393
204,conv53,18,0.2,160,trustworthy,0.6419111221267189,0.5164971450964287,intelligent,0.5681958773959201,0.42744112004375817,attractive,0.6737536355744966,0.5501245007220723,aggressive,0.6399793941037537,0.5251273399469875,responsible,0.6075383248083105,0.5174789179106462,sociable,0.6688552928486738,0.5647790503783829
205,conv53,18,0.2,170,trustworthy,0.6458328851420405,0.5247770857957293,intelligent,0.5766673808481302,0.4106188626061644,attractive,0.6781858479341218,0.5414057156556009,aggressive,0.6451878524899428,0.5405583900697425,responsible,0.6144855664791486,0.5172068223048372,sociable,0.6721784024343275,0.574119015195324
206,conv53,18,0.2,180,trustworthy,0.6506029084848268,0.5364015528988995,intelligent,0.5834959565407182,0.4079146426188344,attractive,0.6804158952332785,0.5439888228365791,aggressive,0.6522942304066776,0.5593528012608051,responsible,0.6225485651001913,0.5152361241101144,sociable,0.6760694680173845,0.5772992463778029
207,conv53,18,0.2,190,trustworthy,0.6543709938354536,0.5296685088279309,intelligent,0.5910917719148665,0.4012203797685619,attractive,0.6850997124306545,0.5390255928901868,aggressive,0.6573423379550185,0.5568535104518272,responsible,0.6288143686003256,0.5032436122608582,sociable,0.6796171168118301,0.5682372101663025
208,conv53,18,0.2,200,trustworthy,0.6569706157480482,0.5310088091286247,intelligent,0.5959189025959043,0.3998446125077269,attractive,0.6887905017800117,0.5352033418785905,aggressive,0.6609528017166637,0.55927973430246,responsible,0.6324840303461202,0.5084517012165157,sociable,0.6825451552207505,0.5683049649307995
209,conv53,19,0.2,100,trustworthy,0.6193878264966148,0.5575165369375324,intelligent,0.5419297120284895,0.4370973029852655,attractive,0.6189270659515792,0.5364466438300078,aggressive,0.6091109070129329,0.5362451004409015,responsible,0.5821872335742346,0.5260054921502502,sociable,0.6305259562212602,0.6213498944711754
210,conv53,19,0.2,110,trustworthy,0.625324413658738,0.557435804722978,intelligent,0.547021188085722,0.4324563918249545,attractive,0.6309658012334188,0.54485835537602,aggressive,0.6129122834766535,0.5370189618084068,responsible,0.5867354444620945,0.5246085977090197,sociable,0.6353888644640154,0.617032664250032
211,conv53,19,0.2,120,trustworthy,0.6271055902136975,0.5515323853865159,intelligent,0.5517497610842247,0.4324063356465573,attractive,0.6349909642005045,0.5447767117330213,aggressive,0.6160789807728374,0.5424025305269606,responsible,0.5901193611611519,0.525620201739724,sociable,0.64032597131852,0.6156432446666984
212,conv53,19,0.2,130,trustworthy,0.6339773719328998,0.5396684937585681,intelligent,0.5604576558137974,0.43368189690181785,attractive,0.6485782991078554,0.5585565951411395,aggressive,0.6235283338562767,0.5324308277079959,responsible,0.5990683840464652,0.5210337860953692,sociable,0.6469369093951148,0.6099764348260577
213,conv53,19,0.2,140,trustworthy,0.6370335010517072,0.545244978886301,intelligent,0.5648278414588908,0.4293988783104971,attractive,0.6600743758891329,0.5675733522607904,aggressive,0.6285958161962029,0.5457984232703637,responsible,0.6055416160267648,0.5292510656059223,sociable,0.6511690177730958,0.6113677794584328
214,conv53,19,0.2,150,trustworthy,0.6400860238613238,0.5349420880517466,intelligent,0.5678857694381029,0.4307212000106372,attractive,0.665105931446765,0.5719474562647376,aggressive,0.6371301856378339,0.5331886866520638,responsible,0.6097090905521673,0.5217960235688263,sociable,0.6569428667413301,0.6049598455791968
215,conv53,19,0.2,160,trustworthy,0.6425386183009875,0.5348471094349692,intelligent,0.5706277716582774,0.4342550013023226,attractive,0.668074923817105,0.5749291715578079,aggressive,0.6404826617446701,0.5326811131425868,responsible,0.6143349941189227,0.5265747699465174,sociable,0.6601901937155903,0.6053498214142989
216,conv53,19,0.2,170,trustworthy,0.6445268260544569,0.5296480716904953,intelligent,0.5745163843874814,0.4337564442082154,attractive,0.6737229026361938,0.5773959955758974,aggressive,0.6422705097380101,0.5358931431273181,responsible,0.6162126978071478,0.524059936894154,sociable,0.6621790342281397,0.6057508806772832
217,conv53,19,0.2,180,trustworthy,0.6536044373087689,0.5232004064484409,intelligent,0.5803839347334103,0.44249780311523407,attractive,0.675761372502448,0.5775862491527527,aggressive,0.6509537089287745,0.5475295250060789,responsible,0.621267222954543,0.5294309282516365,sociable,0.665019720824138,0.6066484250385952
218,conv53,19,0.2,190,trustworthy,0.6637444816321106,0.5266209054222647,intelligent,0.5937213896718038,0.45862507211708786,attractive,0.6829743559593873,0.5774525653747963,aggressive,0.6612394181355875,0.5524521868788315,responsible,0.6309067056257092,0.5360647944817599,sociable,0.6744503082149328,0.6116795288691715
219,conv53,19,0.2,200,trustworthy,0.668084455584492,0.5283350750414338,intelligent,0.5996628654597376,0.46261511553989854,attractive,0.6858669964400768,0.580939558373069,aggressive,0.6674627339161866,0.5498178113820336,responsible,0.6358511922028623,0.5350850139904665,sociable,0.6776810179680881,0.6165204277934986
