trustworthy_max,trustworthy_min
051409.jpg,109934.jpg
046077.jpg,065232.jpg
128593.jpg,038546.jpg
063159.jpg,028757.jpg
017814.jpg,163099.jpg
069891.jpg,059649.jpg
042063.jpg,101536.jpg
150350.jpg,142336.jpg
105842.jpg,183037.jpg
058879.jpg,012584.jpg
066743.jpg,075690.jpg
014575.jpg,111691.jpg
051703.jpg,063035.jpg
173647.jpg,094816.jpg
154490.jpg,161851.jpg
185720.jpg,021977.jpg
017578.jpg,004432.jpg
044820.jpg,183108.jpg
153416.jpg,058718.jpg
202381.jpg,046154.jpg
174166.jpg,154412.jpg
025424.jpg,011602.jpg
031763.jpg,127601.jpg
086142.jpg,083021.jpg
186784.jpg,023754.jpg
032084.jpg,076493.jpg
015355.jpg,144125.jpg
110505.jpg,071197.jpg
066620.jpg,098852.jpg
139565.jpg,016460.jpg
148578.jpg,032883.jpg
081442.jpg,048954.jpg
163401.jpg,132670.jpg
141442.jpg,088131.jpg
161106.jpg,129041.jpg
014491.jpg,064273.jpg
199360.jpg,060715.jpg
193766.jpg,042807.jpg
154547.jpg,037932.jpg
152095.jpg,003364.jpg
