aggressive_max,aggressive_min
113079.jpg,086142.jpg
065232.jpg,046077.jpg
076493.jpg,101907.jpg
127601.jpg,066743.jpg
038546.jpg,087124.jpg
071197.jpg,031763.jpg
142336.jpg,029805.jpg
028757.jpg,063159.jpg
144125.jpg,095605.jpg
122913.jpg,032084.jpg
109934.jpg,167881.jpg
183144.jpg,193776.jpg
183037.jpg,017814.jpg
110369.jpg,042063.jpg
058718.jpg,117153.jpg
145078.jpg,083782.jpg
116420.jpg,128593.jpg
048954.jpg,037231.jpg
089093.jpg,076050.jpg
059187.jpg,087815.jpg
016460.jpg,094797.jpg
026100.jpg,130100.jpg
032883.jpg,045672.jpg
030129.jpg,078610.jpg
034125.jpg,129957.jpg
154412.jpg,046799.jpg
059649.jpg,174166.jpg
085089.jpg,027389.jpg
176723.jpg,106414.jpg
163099.jpg,162863.jpg
023754.jpg,164888.jpg
003364.jpg,100309.jpg
101536.jpg,137367.jpg
063035.jpg,197015.jpg
083021.jpg,153416.jpg
170885.jpg,028623.jpg
142159.jpg,012903.jpg
094816.jpg,065719.jpg
012584.jpg,049014.jpg
166013.jpg,029877.jpg
