,level 1,level 2,level 3,level 4
136220,136220_-0.75.png,136220_-0.25.png,136220_0.25.png,136220_0.75.png
136184,136184_-0.75.png,136184_-0.25.png,136184_0.25.png,136184_0.75.png
136187,136187_-0.75.png,136187_-0.25.png,136187_0.25.png,136187_0.75.png
136186,136186_-0.75.png,136186_-0.25.png,136186_0.25.png,136186_0.75.png
136224,136224_-0.75.png,136224_-0.25.png,136224_0.25.png,136224_0.75.png
136180,136180_-0.75.png,136180_-0.25.png,136180_0.25.png,136180_0.75.png
136226,136226_-0.75.png,136226_-0.25.png,136226_0.25.png,136226_0.75.png
136227,136227_-0.75.png,136227_-0.25.png,136227_0.25.png,136227_0.75.png
136228,136228_-0.75.png,136228_-0.25.png,136228_0.25.png,136228_0.75.png
136229,136229_-0.75.png,136229_-0.25.png,136229_0.25.png,136229_0.75.png
136189,136189_-0.75.png,136189_-0.25.png,136189_0.25.png,136189_0.75.png
136188,136188_-0.75.png,136188_-0.25.png,136188_0.25.png,136188_0.75.png
136261,136261_-0.75.png,136261_-0.25.png,136261_0.25.png,136261_0.75.png
136239,136239_-0.75.png,136239_-0.25.png,136239_0.25.png,136239_0.75.png
136238,136238_-0.75.png,136238_-0.25.png,136238_0.25.png,136238_0.75.png
136237,136237_-0.75.png,136237_-0.25.png,136237_0.25.png,136237_0.75.png
136236,136236_-0.75.png,136236_-0.25.png,136236_0.25.png,136236_0.75.png
136235,136235_-0.75.png,136235_-0.25.png,136235_0.25.png,136235_0.75.png
136234,136234_-0.75.png,136234_-0.25.png,136234_0.25.png,136234_0.75.png
136233,136233_-0.75.png,136233_-0.25.png,136233_0.25.png,136233_0.75.png
136232,136232_-0.75.png,136232_-0.25.png,136232_0.25.png,136232_0.75.png
136231,136231_-0.75.png,136231_-0.25.png,136231_0.25.png,136231_0.75.png
136230,136230_-0.75.png,136230_-0.25.png,136230_0.25.png,136230_0.75.png
136185,136185_-0.75.png,136185_-0.25.png,136185_0.25.png,136185_0.75.png
136221,136221_-0.75.png,136221_-0.25.png,136221_0.25.png,136221_0.75.png
136222,136222_-0.75.png,136222_-0.25.png,136222_0.25.png,136222_0.75.png
136223,136223_-0.75.png,136223_-0.25.png,136223_0.25.png,136223_0.75.png
136181,136181_-0.75.png,136181_-0.25.png,136181_0.25.png,136181_0.75.png
136225,136225_-0.75.png,136225_-0.25.png,136225_0.25.png,136225_0.75.png
136183,136183_-0.75.png,136183_-0.25.png,136183_0.25.png,136183_0.75.png
136182,136182_-0.75.png,136182_-0.25.png,136182_0.25.png,136182_0.75.png
136248,136248_-0.75.png,136248_-0.25.png,136248_0.25.png,136248_0.75.png
136249,136249_-0.75.png,136249_-0.25.png,136249_0.25.png,136249_0.75.png
136242,136242_-0.75.png,136242_-0.25.png,136242_0.25.png,136242_0.75.png
136243,136243_-0.75.png,136243_-0.25.png,136243_0.25.png,136243_0.75.png
136240,136240_-0.75.png,136240_-0.25.png,136240_0.25.png,136240_0.75.png
136241,136241_-0.75.png,136241_-0.25.png,136241_0.25.png,136241_0.75.png
136246,136246_-0.75.png,136246_-0.25.png,136246_0.25.png,136246_0.75.png
136247,136247_-0.75.png,136247_-0.25.png,136247_0.25.png,136247_0.75.png
136244,136244_-0.75.png,136244_-0.25.png,136244_0.25.png,136244_0.75.png
136245,136245_-0.75.png,136245_-0.25.png,136245_0.25.png,136245_0.75.png
136259,136259_-0.75.png,136259_-0.25.png,136259_0.25.png,136259_0.75.png
136258,136258_-0.75.png,136258_-0.25.png,136258_0.25.png,136258_0.75.png
136251,136251_-0.75.png,136251_-0.25.png,136251_0.25.png,136251_0.75.png
136250,136250_-0.75.png,136250_-0.25.png,136250_0.25.png,136250_0.75.png
136253,136253_-0.75.png,136253_-0.25.png,136253_0.25.png,136253_0.75.png
136252,136252_-0.75.png,136252_-0.25.png,136252_0.25.png,136252_0.75.png
136255,136255_-0.75.png,136255_-0.25.png,136255_0.25.png,136255_0.75.png
136254,136254_-0.75.png,136254_-0.25.png,136254_0.25.png,136254_0.75.png
136257,136257_-0.75.png,136257_-0.25.png,136257_0.25.png,136257_0.75.png
136256,136256_-0.75.png,136256_-0.25.png,136256_0.25.png,136256_0.75.png
136196,136196_-0.75.png,136196_-0.25.png,136196_0.25.png,136196_0.75.png
136197,136197_-0.75.png,136197_-0.25.png,136197_0.25.png,136197_0.75.png
136217,136217_-0.75.png,136217_-0.25.png,136217_0.25.png,136217_0.75.png
136216,136216_-0.75.png,136216_-0.25.png,136216_0.25.png,136216_0.75.png
136211,136211_-0.75.png,136211_-0.25.png,136211_0.25.png,136211_0.75.png
136210,136210_-0.75.png,136210_-0.25.png,136210_0.25.png,136210_0.75.png
136264,136264_-0.75.png,136264_-0.25.png,136264_0.25.png,136264_0.75.png
136265,136265_-0.75.png,136265_-0.25.png,136265_0.25.png,136265_0.75.png
136266,136266_-0.75.png,136266_-0.25.png,136266_0.25.png,136266_0.75.png
136267,136267_-0.75.png,136267_-0.25.png,136267_0.25.png,136267_0.75.png
136260,136260_-0.75.png,136260_-0.25.png,136260_0.25.png,136260_0.75.png
136213,136213_-0.75.png,136213_-0.25.png,136213_0.25.png,136213_0.75.png
136262,136262_-0.75.png,136262_-0.25.png,136262_0.25.png,136262_0.75.png
136263,136263_-0.75.png,136263_-0.25.png,136263_0.25.png,136263_0.75.png
136191,136191_-0.75.png,136191_-0.25.png,136191_0.25.png,136191_0.75.png
136268,136268_-0.75.png,136268_-0.25.png,136268_0.25.png,136268_0.75.png
136269,136269_-0.75.png,136269_-0.25.png,136269_0.25.png,136269_0.75.png
136271,136271_-0.75.png,136271_-0.25.png,136271_0.25.png,136271_0.75.png
136270,136270_-0.75.png,136270_-0.25.png,136270_0.25.png,136270_0.75.png
136206,136206_-0.75.png,136206_-0.25.png,136206_0.25.png,136206_0.75.png
136207,136207_-0.75.png,136207_-0.25.png,136207_0.25.png,136207_0.75.png
136204,136204_-0.75.png,136204_-0.25.png,136204_0.25.png,136204_0.75.png
136205,136205_-0.75.png,136205_-0.25.png,136205_0.25.png,136205_0.75.png
136202,136202_-0.75.png,136202_-0.25.png,136202_0.25.png,136202_0.75.png
136203,136203_-0.75.png,136203_-0.25.png,136203_0.25.png,136203_0.75.png
136200,136200_-0.75.png,136200_-0.25.png,136200_0.25.png,136200_0.75.png
136201,136201_-0.75.png,136201_-0.25.png,136201_0.25.png,136201_0.75.png
136208,136208_-0.75.png,136208_-0.25.png,136208_0.25.png,136208_0.75.png
136209,136209_-0.75.png,136209_-0.25.png,136209_0.25.png,136209_0.75.png
136178,136178_-0.75.png,136178_-0.25.png,136178_0.25.png,136178_0.75.png
136179,136179_-0.75.png,136179_-0.25.png,136179_0.25.png,136179_0.75.png
136174,136174_-0.75.png,136174_-0.25.png,136174_0.25.png,136174_0.75.png
136175,136175_-0.75.png,136175_-0.25.png,136175_0.25.png,136175_0.75.png
136176,136176_-0.75.png,136176_-0.25.png,136176_0.25.png,136176_0.75.png
136177,136177_-0.75.png,136177_-0.25.png,136177_0.25.png,136177_0.75.png
136172,136172_-0.75.png,136172_-0.25.png,136172_0.25.png,136172_0.75.png
136173,136173_-0.75.png,136173_-0.25.png,136173_0.25.png,136173_0.75.png
136215,136215_-0.75.png,136215_-0.25.png,136215_0.25.png,136215_0.75.png
136214,136214_-0.75.png,136214_-0.25.png,136214_0.25.png,136214_0.75.png
136194,136194_-0.75.png,136194_-0.25.png,136194_0.25.png,136194_0.75.png
136195,136195_-0.75.png,136195_-0.25.png,136195_0.25.png,136195_0.75.png
136192,136192_-0.75.png,136192_-0.25.png,136192_0.25.png,136192_0.75.png
136193,136193_-0.75.png,136193_-0.25.png,136193_0.25.png,136193_0.75.png
136190,136190_-0.75.png,136190_-0.25.png,136190_0.25.png,136190_0.75.png
136212,136212_-0.75.png,136212_-0.25.png,136212_0.25.png,136212_0.75.png
136219,136219_-0.75.png,136219_-0.25.png,136219_0.25.png,136219_0.75.png
136218,136218_-0.75.png,136218_-0.25.png,136218_0.25.png,136218_0.75.png
136198,136198_-0.75.png,136198_-0.25.png,136198_0.25.png,136198_0.75.png
136199,136199_-0.75.png,136199_-0.25.png,136199_0.25.png,136199_0.75.png
